project_id,client_id,lead_source_id,project_type,area_sqft,contract_value_aed,estimated_budget_aed,start_date,planned_end_date,actual_end_date,status,planned_duration_days,actual_duration_days,schedule_delay_days,schedule_delay_days_filled,is_delayed,cost_entry_id,material_cost_aed,labour_cost_aed,subcontractor_cost_aed,equipment_rental_aed,permitting_fees_aed,actual_total_cost_aed,gross_profit_aed,gross_margin_pct,cost_variance_aed,cost_overrun_pct,subcontractor_pct_of_cost
PRJ-2023-001,CL-1086,LS-03,Commercial Plaza,9910,538000,382400.0,2024-04-13,2024-10-06,2024-10-01,Completed,176,171.0,-5.0,-5.0,0,CST-0001,139900.0,82400.0,77300.0,36600.0,16700.0,352900.0,185100.0,34.41,-29500.0,-7.71,21.9
PRJ-2023-002,CL-1059,LS-01,Full Villa Landscape,3100,276500,189300.0,2023-03-12,2023-06-09,2023-06-06,Completed,89,86.0,-3.0,-3.0,0,CST-0002,81400.0,44600.0,35700.0,19100.0,20100.0,200900.0,75600.0,27.34,11600.0,6.13,17.77
PRJ-2023-003,CL-1021,LS-04,Pool & Hardscape,3225,546000,369700.0,2024-07-21,2024-09-20,2024-10-06,Completed,61,77.0,16.0,16.0,1,CST-0003,145900.0,88000.0,61900.0,34600.0,17800.0,348200.0,197800.0,36.23,-21500.0,-5.82,17.78
PRJ-2023-004,CL-1034,LS-01,Commercial Plaza,7753,550500,390400.0,2023-12-18,2024-05-30,2024-06-25,Completed,164,190.0,26.0,26.0,1,CST-0004,175700.0,107400.0,76800.0,31900.0,18400.0,410200.0,140300.0,25.49,19800.0,5.07,18.72
PRJ-2023-005,CL-1033,LS-01,Irrigation & Softscape,1878,86000,56900.0,2023-12-08,2024-02-01,2024-02-01,Completed,55,55.0,0.0,0.0,0,CST-0005,28500.0,16700.0,16800.0,7400.0,4400.0,73800.0,12200.0,14.19,16900.0,29.7,22.76
PRJ-2023-006,CL-1021,LS-04,Pool & Hardscape,3259,552000,375800.0,2023-06-02,2023-08-25,2023-09-27,Completed,84,117.0,33.0,33.0,1,CST-0006,177300.0,119800.0,81900.0,42000.0,9200.0,430200.0,121800.0,22.07,54400.0,14.48,19.04
PRJ-2023-007,CL-1056,LS-02,Commercial Plaza,6685,373000,245100.0,2024-01-02,2024-04-22,2024-05-17,Completed,111,136.0,25.0,25.0,1,CST-0007,119600.0,70600.0,60000.0,20000.0,6900.0,277100.0,95900.0,25.71,32000.0,13.06,21.65
PRJ-2023-008,CL-1046,LS-04,Full Villa Landscape,7584,748500,490400.0,2023-07-01,2023-12-13,2023-12-08,Completed,165,160.0,-5.0,-5.0,0,CST-0008,179600.0,109200.0,78500.0,39200.0,60300.0,466800.0,281700.0,37.64,-23600.0,-4.81,16.82
PRJ-2023-009,CL-1095,LS-03,Commercial Plaza,18818,1460000,969200.0,2023-10-01,2024-07-10,2024-07-26,Completed,283,299.0,16.0,16.0,1,CST-0009,374300.0,216400.0,168800.0,108700.0,62400.0,930600.0,529400.0,36.26,-38600.0,-3.98,18.14
PRJ-2023-010,CL-1112,LS-01,Irrigation & Softscape,3427,122000,80900.0,2023-11-09,2024-02-01,2024-01-28,Completed,84,80.0,-4.0,-4.0,0,CST-0010,31100.0,21000.0,13800.0,7100.0,6800.0,79800.0,42200.0,34.59,-1100.0,-1.36,17.29
PRJ-2023-011,CL-1004,LS-02,Commercial Plaza,12528,707500,466600.0,2023-12-26,2024-07-03,2024-07-01,Completed,190,188.0,-2.0,-2.0,0,CST-0011,263700.0,166500.0,145100.0,69400.0,-6800.0,637900.0,69600.0,9.84,171300.0,36.71,22.75
PRJ-2023-012,CL-1004,LS-01,Pool & Hardscape,2069,274000,178800.0,2023-04-22,2023-06-16,2023-06-13,Completed,55,52.0,-3.0,-3.0,0,CST-0012,65900.0,39000.0,29200.0,19300.0,11700.0,165100.0,108900.0,39.74,-13700.0,-7.66,17.69
PRJ-2023-013,CL-1056,LS-01,Pool & Hardscape,2577,471500,333200.0,2023-01-02,2023-03-27,2023-03-26,Completed,84,83.0,-1.0,-1.0,0,CST-0013,152400.0,88600.0,84800.0,33800.0,3900.0,363500.0,108000.0,22.91,30300.0,9.09,23.33
PRJ-2023-014,CL-1047,LS-04,Commercial Plaza,7146,559000,366500.0,2023-05-08,2023-09-21,2023-09-18,Completed,136,133.0,-3.0,-3.0,0,CST-0014,143600.0,81800.0,71800.0,39900.0,10000.0,347100.0,211900.0,37.91,-19400.0,-5.29,20.69
PRJ-2023-015,CL-1086,LS-04,Pool & Hardscape,2336,346000,242000.0,2024-03-06,2024-05-13,2024-05-11,Completed,68,66.0,-2.0,-2.0,0,CST-0015,100500.0,57300.0,38200.0,16500.0,16000.0,228500.0,117500.0,33.96,-13500.0,-5.58,16.72
PRJ-2023-016,CL-1079,LS-03,Commercial Plaza,12653,812000,584600.0,2024-03-16,2024-11-26,2024-11-25,Completed,255,254.0,-1.0,-1.0,0,CST-0016,247200.0,141800.0,95500.0,51500.0,42200.0,578200.0,233800.0,28.79,-6400.0,-1.09,16.52
PRJ-2023-017,CL-1060,LS-04,Pool & Hardscape,2811,470500,321900.0,2023-03-28,2023-05-27,2023-05-27,Completed,60,60.0,0.0,0.0,0,CST-0017,189300.0,117300.0,69500.0,45800.0,10000.0,431900.0,38600.0,8.2,110000.0,34.17,16.09
PRJ-2023-018,CL-1012,LS-02,Pool & Hardscape,2271,308000,217500.0,2023-09-08,2023-11-13,2023-11-12,Completed,66,65.0,-1.0,-1.0,0,CST-0018,84300.0,55000.0,36000.0,19500.0,18100.0,212900.0,95100.0,30.88,-4600.0,-2.11,16.91
PRJ-2023-019,CL-1059,LS-04,Full Villa Landscape,7659,696000,466100.0,2024-02-14,2024-07-27,2024-08-06,Completed,164,174.0,10.0,10.0,1,CST-0019,206600.0,112600.0,95600.0,37700.0,25200.0,477700.0,218300.0,31.36,11600.0,2.49,20.01
PRJ-2023-020,CL-1100,LS-04,Full Villa Landscape,4292,313000,204400.0,2023-02-21,2023-05-31,2023-05-26,Completed,99,94.0,-5.0,-5.0,0,CST-0020,115500.0,75000.0,60600.0,22500.0,16700.0,290300.0,22700.0,7.25,85900.0,42.03,20.87
PRJ-2023-021,CL-1018,LS-04,Irrigation & Softscape,4234,183000,124600.0,2024-05-31,2024-09-13,2024-09-12,Completed,105,104.0,-1.0,-1.0,0,CST-0021,59600.0,35200.0,22300.0,12000.0,10500.0,139600.0,43400.0,23.72,15000.0,12.04,15.97
PRJ-2023-022,CL-1115,LS-02,Irrigation & Softscape,4546,234500,161500.0,2023-10-11,2024-01-06,2024-01-05,Completed,87,86.0,-1.0,-1.0,0,CST-0022,71400.0,44600.0,30500.0,12000.0,6600.0,165100.0,69400.0,29.59,3600.0,2.23,18.47
PRJ-2023-023,CL-1081,LS-02,Irrigation & Softscape,2624,107500,72000.0,2023-12-10,2024-02-21,2024-02-20,Completed,73,72.0,-1.0,-1.0,0,CST-0023,32500.0,21100.0,14000.0,9100.0,7800.0,84500.0,23000.0,21.4,12500.0,17.36,16.57
PRJ-2023-024,CL-1018,LS-02,Full Villa Landscape,4394,361500,256400.0,2024-02-29,2024-06-11,2024-06-10,Completed,103,102.0,-1.0,-1.0,0,CST-0024,111700.0,69200.0,49600.0,31100.0,11900.0,273500.0,88000.0,24.34,17100.0,6.67,18.14
PRJ-2023-025,CL-1054,LS-01,Irrigation & Softscape,2347,119500,82800.0,2024-08-12,2024-09-30,2024-10-10,Completed,49,59.0,10.0,10.0,1,CST-0025,32200.0,20600.0,13800.0,6700.0,4800.0,78100.0,41400.0,34.64,-4700.0,-5.68,17.67
PRJ-2023-026,CL-1039,LS-04,Pool & Hardscape,2716,428000,286200.0,2024-05-14,2024-07-13,2024-08-19,Completed,60,97.0,37.0,37.0,1,CST-0026,159200.0,98400.0,66500.0,31800.0,36000.0,391900.0,36100.0,8.43,105700.0,36.93,16.97
PRJ-2023-027,CL-1004,LS-04,Irrigation & Softscape,2876,134500,89300.0,2024-04-23,2024-06-24,2024-06-23,Completed,62,61.0,-1.0,-1.0,0,CST-0027,34600.0,20500.0,14600.0,8900.0,9300.0,87900.0,46600.0,34.65,-1400.0,-1.57,16.61
PRJ-2023-028,CL-1117,LS-04,Full Villa Landscape,7348,664000,476800.0,2023-05-19,2023-10-07,2023-10-03,Completed,141,137.0,-4.0,-4.0,0,CST-0028,209800.0,109000.0,87000.0,50300.0,30000.0,486100.0,177900.0,26.79,9300.0,1.95,17.9
PRJ-2023-029,CL-1034,LS-04,Full Villa Landscape,5181,386000,269100.0,2023-10-12,2024-01-22,2024-01-20,Completed,102,100.0,-2.0,-2.0,0,CST-0029,109700.0,63900.0,49800.0,27500.0,600.0,251500.0,134500.0,34.84,-17600.0,-6.54,19.8
PRJ-2023-030,CL-1107,LS-01,Pool & Hardscape,2926,355000,242200.0,2023-08-18,2023-10-22,2023-10-22,Completed,65,65.0,0.0,0.0,0,CST-0030,100400.0,64000.0,50500.0,24300.0,21100.0,260300.0,94700.0,26.68,18100.0,7.47,19.4
PRJ-2023-031,CL-1097,LS-01,Full Villa Landscape,4525,334500,240400.0,2023-05-10,2023-09-01,2023-08-27,Completed,114,109.0,-5.0,-5.0,0,CST-0031,120100.0,61800.0,52600.0,23800.0,15200.0,273500.0,61000.0,18.24,33100.0,13.77,19.23
PRJ-2023-032,CL-1060,LS-03,Commercial Plaza,18564,1075000,728400.0,2023-06-17,2024-03-08,2024-03-03,Completed,265,260.0,-5.0,-5.0,0,CST-0032,308600.0,194700.0,152800.0,66200.0,66100.0,788400.0,286600.0,26.66,60000.0,8.24,19.38
PRJ-2023-033,CL-1119,LS-03,Full Villa Landscape,7216,689000,449900.0,2023-03-19,2023-08-13,2023-08-13,Completed,147,147.0,0.0,0.0,0,CST-0033,186900.0,124900.0,93800.0,33300.0,20700.0,459600.0,229400.0,33.29,9700.0,2.16,20.41
PRJ-2023-034,CL-1014,LS-03,Commercial Plaza,19931,1374000,911800.0,2023-12-22,2024-10-17,2024-10-17,Completed,300,300.0,0.0,0.0,0,CST-0034,564200.0,354900.0,293500.0,100800.0,-25700.0,1287700.0,86300.0,6.28,375900.0,41.23,22.79
PRJ-2023-035,CL-1009,LS-03,Pool & Hardscape,1051,188500,124900.0,2024-01-06,2024-02-24,2024-02-22,Completed,49,47.0,-2.0,-2.0,0,CST-0035,47600.0,26300.0,22400.0,14000.0,7500.0,117800.0,70700.0,37.51,-7100.0,-5.68,19.02
PRJ-2023-036,CL-1056,LS-02,Commercial Plaza,18022,1140000,768900.0,2024-04-21,2025-02-26,,In Progress,311,,,0.0,0,CST-0036,149800.0,86700.0,68000.0,41300.0,4900.0,350700.0,789300.0,69.24,-418200.0,-54.39,19.39
PRJ-2023-037,CL-1042,LS-02,Pool & Hardscape,1354,189000,130100.0,2024-08-06,2024-09-23,2024-09-21,Completed,48,46.0,-2.0,-2.0,0,CST-0037,74200.0,40200.0,32200.0,20800.0,8000.0,175400.0,13600.0,7.2,45300.0,34.82,18.36
PRJ-2023-038,CL-1004,LS-04,Pool & Hardscape,2331,309500,218200.0,2023-12-15,2024-02-09,2024-02-08,Completed,56,55.0,-1.0,-1.0,0,CST-0038,90800.0,47800.0,44200.0,20300.0,10700.0,213800.0,95700.0,30.92,-4400.0,-2.02,20.67
PRJ-2023-039,CL-1072,LS-01,Pool & Hardscape,3116,580500,414500.0,2024-05-15,2024-07-27,2024-07-23,Completed,73,69.0,-4.0,-4.0,0,CST-0039,194200.0,99700.0,77600.0,44300.0,27900.0,443700.0,136800.0,23.57,29200.0,7.04,17.49
PRJ-2023-040,CL-1083,LS-04,Irrigation & Softscape,3335,166000,118400.0,2023-09-07,2023-12-07,2024-01-09,Completed,91,124.0,33.0,33.0,1,CST-0040,43400.0,30600.0,20100.0,11200.0,6700.0,112000.0,54000.0,32.53,-6400.0,-5.41,17.95
PRJ-2023-041,CL-1071,LS-03,Irrigation & Softscape,3242,178000,121300.0,2023-10-05,2023-12-30,2023-12-26,Completed,86,82.0,-4.0,-4.0,0,CST-0041,48600.0,29500.0,27500.0,9400.0,2200.0,117200.0,60800.0,34.16,-4100.0,-3.38,23.46
PRJ-2023-042,CL-1093,LS-02,Full Villa Landscape,5084,358000,244300.0,2023-07-16,2023-10-17,2023-11-26,Completed,93,133.0,40.0,40.0,1,CST-0042,106600.0,68700.0,48600.0,22700.0,17500.0,264100.0,93900.0,26.23,19800.0,8.1,18.4
PRJ-2023-043,CL-1093,LS-03,Pool & Hardscape,1411,251500,175900.0,2023-11-06,2023-12-21,2024-02-03,Completed,45,89.0,44.0,44.0,1,CST-0043,76000.0,52200.0,44700.0,13700.0,-200.0,186400.0,65100.0,25.88,10500.0,5.97,23.98
PRJ-2023-044,CL-1036,LS-01,Commercial Plaza,6893,443500,297700.0,2023-04-16,2023-10-03,2023-10-02,Completed,170,169.0,-1.0,-1.0,0,CST-0044,123200.0,77100.0,65100.0,25000.0,-7800.0,282600.0,160900.0,36.28,-15100.0,-5.07,23.04
PRJ-2023-045,CL-1061,LS-04,Pool & Hardscape,2804,403500,263200.0,2023-04-27,2023-07-18,2023-07-16,Completed,82,80.0,-2.0,-2.0,0,CST-0045,112400.0,68400.0,63600.0,27300.0,-5400.0,266300.0,137200.0,34.0,3100.0,1.18,23.88
PRJ-2023-046,CL-1010,LS-01,Irrigation & Softscape,2121,71500,48700.0,2023-09-12,2023-11-07,2023-12-13,Completed,56,92.0,36.0,36.0,1,CST-0046,19600.0,12800.0,11600.0,3800.0,1400.0,49200.0,22300.0,31.19,500.0,1.03,23.58
PRJ-2023-047,CL-1100,LS-04,Commercial Plaza,13381,1027500,718400.0,2023-11-09,2024-07-06,2024-07-01,Completed,240,235.0,-5.0,-5.0,0,CST-0047,276600.0,158200.0,139500.0,70900.0,24200.0,669400.0,358100.0,34.85,-49000.0,-6.82,20.84
PRJ-2023-048,CL-1098,LS-02,Full Villa Landscape,7624,568000,382700.0,2023-06-27,2023-12-18,2023-12-14,Completed,174,170.0,-4.0,-4.0,0,CST-0048,149900.0,94400.0,88000.0,42500.0,4000.0,378800.0,189200.0,33.31,-3900.0,-1.02,23.23
PRJ-2023-049,CL-1053,LS-04,Full Villa Landscape,7364,634500,455400.0,2024-04-09,2024-09-16,2024-10-10,Completed,160,184.0,24.0,24.0,1,CST-0049,174600.0,96900.0,97600.0,44800.0,26300.0,440200.0,194300.0,30.62,-15200.0,-3.34,22.17
PRJ-2023-050,CL-1101,LS-02,Pool & Hardscape,2741,351000,247200.0,2023-05-26,2023-08-12,2023-09-01,Completed,78,98.0,20.0,20.0,1,CST-0050,102300.0,60800.0,39800.0,18300.0,26400.0,247600.0,103400.0,29.46,400.0,0.16,16.07
PRJ-2023-051,CL-1077,LS-03,Pool & Hardscape,2798,360000,241800.0,2023-10-06,2023-12-13,2023-12-11,Completed,68,66.0,-2.0,-2.0,0,CST-0051,116500.0,76200.0,58300.0,21900.0,9400.0,282300.0,77700.0,21.58,40500.0,16.75,20.65
PRJ-2023-052,CL-1011,LS-01,Irrigation & Softscape,3269,158000,107100.0,2023-08-23,2023-11-20,2023-11-19,Completed,89,88.0,-1.0,-1.0,0,CST-0052,44300.0,27400.0,23400.0,11700.0,-4600.0,102200.0,55800.0,35.32,-4900.0,-4.58,22.9
PRJ-2023-053,CL-1098,LS-03,Full Villa Landscape,7220,482500,321900.0,2023-10-12,2024-03-09,2024-04-15,Completed,149,186.0,37.0,37.0,1,CST-0053,117800.0,81400.0,70400.0,27500.0,7900.0,305000.0,177500.0,36.79,-16900.0,-5.25,23.08
PRJ-2023-054,CL-1012,LS-04,Irrigation & Softscape,2925,117500,82000.0,2023-12-04,2024-02-22,2024-02-20,Completed,80,78.0,-2.0,-2.0,0,CST-0054,33500.0,20900.0,18300.0,8500.0,-4400.0,76800.0,40700.0,34.64,-5200.0,-6.34,23.83
PRJ-2023-055,CL-1085,LS-04,Pool & Hardscape,3253,398500,284500.0,2023-04-29,2023-07-24,2023-07-22,Completed,86,84.0,-2.0,-2.0,0,CST-0055,127100.0,71900.0,70200.0,33000.0,-2600.0,299600.0,98900.0,24.82,15100.0,5.31,23.43
PRJ-2023-056,CL-1085,LS-04,Full Villa Landscape,5885,397000,271400.0,2024-03-28,2024-07-27,2024-07-23,Completed,121,117.0,-4.0,-4.0,0,CST-0056,124200.0,83800.0,52900.0,35600.0,17100.0,313600.0,83400.0,21.01,42200.0,15.55,16.87
PRJ-2023-057,CL-1071,LS-02,Pool & Hardscape,2179,328500,220500.0,2023-09-03,2023-11-02,2023-10-30,Completed,60,57.0,-3.0,-3.0,0,CST-0057,102100.0,58900.0,43900.0,26100.0,6900.0,237900.0,90600.0,27.58,17400.0,7.89,18.45
PRJ-2023-058,CL-1071,LS-04,Full Villa Landscape,3263,245000,162000.0,2023-05-01,2023-08-05,2023-08-01,Completed,96,92.0,-4.0,-4.0,0,CST-0058,58500.0,35800.0,34300.0,17700.0,3200.0,149500.0,95500.0,38.98,-12500.0,-7.72,22.94
PRJ-2023-059,CL-1120,LS-03,Irrigation & Softscape,3584,170500,117800.0,2023-09-07,2023-12-05,2023-12-24,Completed,89,108.0,19.0,19.0,1,CST-0059,47100.0,32500.0,23700.0,13600.0,-200.0,116700.0,53800.0,31.55,-1100.0,-0.93,20.31
PRJ-2023-060,CL-1025,LS-02,Irrigation & Softscape,1785,66000,43900.0,2024-06-03,2024-07-28,2024-08-07,Completed,55,65.0,10.0,10.0,1,CST-0060,17600.0,12500.0,8200.0,3400.0,3400.0,45100.0,20900.0,31.67,1200.0,2.73,18.18
PRJ-2023-061,CL-1093,LS-03,Pool & Hardscape,3404,546500,368200.0,2024-04-02,2024-06-07,2024-06-04,Completed,66,63.0,-3.0,-3.0,0,CST-0061,146900.0,94400.0,74000.0,32900.0,20100.0,368300.0,178200.0,32.61,100.0,0.03,20.09
PRJ-2023-062,CL-1071,LS-04,Pool & Hardscape,2865,531000,350000.0,2024-08-08,2024-10-11,2024-11-16,Completed,64,100.0,36.0,36.0,1,CST-0062,140200.0,73000.0,77700.0,32200.0,8700.0,331800.0,199200.0,37.51,-18200.0,-5.2,23.42
PRJ-2023-063,CL-1041,LS-04,Full Villa Landscape,5623,463000,311800.0,2024-05-22,2024-08-28,2024-08-24,Completed,98,94.0,-4.0,-4.0,0,CST-0063,150200.0,86500.0,59200.0,36900.0,24700.0,357500.0,105500.0,22.79,45700.0,14.66,16.56
PRJ-2023-064,CL-1112,LS-01,Pool & Hardscape,2803,356000,233600.0,2024-02-24,2024-05-15,2024-05-11,Completed,81,77.0,-4.0,-4.0,0,CST-0064,96100.0,58700.0,41000.0,19100.0,8100.0,223000.0,133000.0,37.36,-10600.0,-4.54,18.39
PRJ-2023-065,CL-1061,LS-03,Full Villa Landscape,5273,490500,339500.0,2024-06-30,2024-11-14,2024-12-14,Completed,137,167.0,30.0,30.0,1,CST-0065,130200.0,74500.0,63400.0,38300.0,21000.0,327400.0,163100.0,33.25,-12100.0,-3.56,19.36
PRJ-2023-066,CL-1112,LS-01,Irrigation & Softscape,4029,128000,86500.0,2023-08-21,2023-11-07,2023-11-05,Completed,78,76.0,-2.0,-2.0,0,CST-0066,36800.0,21000.0,18000.0,6200.0,6200.0,88200.0,39800.0,31.09,1700.0,1.97,20.41
PRJ-2023-067,CL-1098,LS-01,Full Villa Landscape,6134,444500,310700.0,2023-11-29,2024-04-29,2024-04-26,Completed,152,149.0,-3.0,-3.0,0,CST-0067,124600.0,77900.0,59300.0,27700.0,11000.0,300500.0,144000.0,32.4,-10200.0,-3.28,19.73
PRJ-2023-068,CL-1048,LS-04,Pool & Hardscape,1596,219000,151400.0,2023-06-24,2023-08-07,2023-09-10,Completed,44,78.0,34.0,34.0,1,CST-0068,63900.0,39400.0,25600.0,10900.0,7400.0,147200.0,71800.0,32.79,-4200.0,-2.77,17.39
PRJ-2023-069,CL-1064,LS-02,Commercial Plaza,9804,599500,421000.0,2024-04-21,2024-11-06,2024-11-06,Completed,199,199.0,0.0,0.0,0,CST-0069,166700.0,112100.0,91700.0,43200.0,2900.0,416600.0,182900.0,30.51,-4400.0,-1.05,22.01
PRJ-2023-070,CL-1010,LS-04,Commercial Plaza,11661,928000,648700.0,2023-09-14,2024-03-15,2024-04-13,Completed,183,212.0,29.0,29.0,1,CST-0070,233100.0,143400.0,121000.0,68700.0,44800.0,611000.0,317000.0,34.16,-37700.0,-5.81,19.8
PRJ-2023-071,CL-1050,LS-04,Commercial Plaza,7747,413000,280800.0,2023-10-30,2024-03-24,2024-04-28,Completed,146,181.0,35.0,35.0,1,CST-0071,113300.0,62800.0,58500.0,25700.0,10800.0,271100.0,141900.0,34.36,-9700.0,-3.45,21.58
PRJ-2023-072,CL-1002,LS-01,Pool & Hardscape,3483,599500,396700.0,2023-08-24,2023-11-03,2023-10-31,Completed,71,68.0,-3.0,-3.0,0,CST-0072,149700.0,104300.0,87200.0,29600.0,22800.0,393600.0,205900.0,34.35,-3100.0,-0.78,22.15
PRJ-2023-073,CL-1082,LS-02,Commercial Plaza,16172,869500,580100.0,2023-04-10,2023-12-19,2023-12-19,Completed,253,253.0,0.0,0.0,0,CST-0073,238400.0,136800.0,89400.0,44900.0,35400.0,544900.0,324600.0,37.33,-35200.0,-6.07,16.41
PRJ-2023-074,CL-1040,LS-04,Full Villa Landscape,2773,252500,168900.0,2023-12-01,2024-02-22,2024-02-18,Completed,83,79.0,-4.0,-4.0,0,CST-0074,80200.0,48700.0,44800.0,18700.0,-5000.0,187400.0,65100.0,25.78,18500.0,10.95,23.91
PRJ-2023-075,CL-1017,LS-03,Commercial Plaza,14697,919500,644500.0,2024-05-08,2025-03-20,,In Progress,316,,,0.0,0,CST-0075,204000.0,120800.0,102400.0,44800.0,-1500.0,470500.0,449000.0,48.83,-174000.0,-27.0,21.76
PRJ-2023-076,CL-1103,LS-01,Pool & Hardscape,2918,547000,388500.0,2024-02-11,2024-04-11,2024-04-10,Completed,60,59.0,-1.0,-1.0,0,CST-0076,189000.0,115300.0,86200.0,36100.0,9000.0,435600.0,111400.0,20.37,47100.0,12.12,19.79
PRJ-2023-077,CL-1012,LS-04,Pool & Hardscape,1057,146500,104200.0,2024-08-21,2024-10-01,2024-11-03,Completed,41,74.0,33.0,33.0,1,CST-0077,44000.0,25900.0,21700.0,8600.0,3000.0,103200.0,43300.0,29.56,-1000.0,-0.96,21.03
PRJ-2023-078,CL-1087,LS-02,Full Villa Landscape,6362,420500,276700.0,2023-08-15,2023-12-20,2023-12-20,Completed,127,127.0,0.0,0.0,0,CST-0078,104300.0,63000.0,53500.0,20300.0,22200.0,263300.0,157200.0,37.38,-13400.0,-4.84,20.32
PRJ-2023-079,CL-1117,LS-03,Irrigation & Softscape,4159,167000,118600.0,2023-11-08,2024-01-18,2024-01-13,Completed,71,66.0,-5.0,-5.0,0,CST-0079,49900.0,26500.0,22800.0,11500.0,7500.0,118200.0,48800.0,29.22,-400.0,-0.34,19.29
PRJ-2023-080,CL-1031,LS-02,Full Villa Landscape,5683,485500,326800.0,2023-06-08,2023-09-27,2023-09-27,Completed,111,111.0,0.0,0.0,0,CST-0080,124800.0,84500.0,63700.0,32300.0,2800.0,308100.0,177400.0,36.54,-18700.0,-5.72,20.68
PRJ-2023-081,CL-1107,LS-04,Full Villa Landscape,7543,629000,411000.0,2023-08-11,2024-02-16,2024-03-12,Completed,189,214.0,25.0,25.0,1,CST-0081,190300.0,104100.0,88900.0,50900.0,38300.0,472500.0,156500.0,24.88,61500.0,14.96,18.81
PRJ-2023-082,CL-1013,LS-03,Pool & Hardscape,3230,591500,399200.0,2023-10-10,2024-01-15,2024-02-01,Completed,97,114.0,17.0,17.0,1,CST-0082,189800.0,124100.0,95400.0,46900.0,12400.0,468600.0,122900.0,20.78,69400.0,17.38,20.36
PRJ-2023-083,CL-1012,LS-02,Irrigation & Softscape,4128,190000,123900.0,2023-09-07,2023-12-30,2023-12-29,Completed,114,113.0,-1.0,-1.0,0,CST-0083,47500.0,25900.0,21900.0,12200.0,9500.0,117000.0,73000.0,38.42,-6900.0,-5.57,18.72
PRJ-2023-084,CL-1009,LS-02,Commercial Plaza,15607,820500,540800.0,2023-01-03,2023-11-01,2023-10-28,Completed,302,298.0,-4.0,-4.0,0,CST-0084,207000.0,115500.0,106400.0,36200.0,42300.0,507400.0,313100.0,38.16,-33400.0,-6.18,20.97
PRJ-2023-085,CL-1070,LS-03,Commercial Plaza,19082,975000,656900.0,2023-01-16,2024-04-03,2024-03-30,Completed,443,439.0,-4.0,-4.0,0,CST-0085,246200.0,166800.0,110200.0,60000.0,61900.0,645100.0,329900.0,33.84,-11800.0,-1.8,17.08
PRJ-2023-086,CL-1003,LS-02,Pool & Hardscape,2086,258000,172400.0,2023-03-07,2023-04-28,2023-04-25,Completed,52,49.0,-3.0,-3.0,0,CST-0086,65100.0,39700.0,36600.0,14700.0,9700.0,165800.0,92200.0,35.74,-6600.0,-3.83,22.07
PRJ-2023-087,CL-1058,LS-02,Full Villa Landscape,7538,504500,335600.0,2024-04-14,2024-08-20,2024-08-15,Completed,128,123.0,-5.0,-5.0,0,CST-0087,153600.0,87400.0,62800.0,37700.0,47200.0,388700.0,115800.0,22.95,53100.0,15.82,16.16
PRJ-2023-088,CL-1062,LS-04,Full Villa Landscape,5992,574500,393900.0,2023-03-17,2023-07-04,2023-07-01,Completed,109,106.0,-3.0,-3.0,0,CST-0088,214700.0,136700.0,108700.0,55200.0,-3000.0,512300.0,62200.0,10.83,118400.0,30.06,21.22
PRJ-2023-089,CL-1009,LS-02,Commercial Plaza,10505,702500,477000.0,2024-01-26,2024-07-25,2024-07-24,Completed,181,180.0,-1.0,-1.0,0,CST-0089,230200.0,138400.0,102700.0,62500.0,70000.0,603800.0,98700.0,14.05,126800.0,26.58,17.01
PRJ-2023-090,CL-1059,LS-04,Pool & Hardscape,1406,247000,175900.0,2024-03-16,2024-04-27,2024-04-23,Completed,42,38.0,-4.0,-4.0,0,CST-0090,70000.0,44200.0,28800.0,16700.0,6300.0,166000.0,81000.0,32.79,-9900.0,-5.63,17.35
PRJ-2023-091,CL-1044,LS-04,Irrigation & Softscape,3133,126500,90200.0,2023-09-19,2023-12-07,2023-12-26,Completed,79,98.0,19.0,19.0,1,CST-0091,41200.0,26700.0,16200.0,6900.0,5100.0,96100.0,30400.0,24.03,5900.0,6.54,16.86
PRJ-2023-092,CL-1009,LS-01,Irrigation & Softscape,4906,157500,108600.0,2023-05-14,2023-08-20,2023-08-19,Completed,98,97.0,-1.0,-1.0,0,CST-0092,47200.0,26300.0,23500.0,8000.0,3000.0,108000.0,49500.0,31.43,-600.0,-0.55,21.76
PRJ-2023-093,CL-1086,LS-01,Pool & Hardscape,2682,388000,261300.0,2023-02-22,2023-04-29,2023-04-28,Completed,66,65.0,-1.0,-1.0,0,CST-0093,99800.0,68800.0,58900.0,25800.0,5100.0,258400.0,129600.0,33.4,-2900.0,-1.11,22.79
PRJ-2023-094,CL-1046,LS-01,Pool & Hardscape,3367,523500,371200.0,2023-04-21,2023-07-08,2023-07-07,Completed,78,77.0,-1.0,-1.0,0,CST-0094,163000.0,91900.0,74200.0,33800.0,18800.0,381700.0,141800.0,27.09,10500.0,2.83,19.44
PRJ-2023-095,CL-1015,LS-03,Pool & Hardscape,3351,455000,313900.0,2023-10-01,2023-12-09,2024-01-05,Completed,69,96.0,27.0,27.0,1,CST-0095,129600.0,81000.0,50600.0,35500.0,3900.0,300600.0,154400.0,33.93,-13300.0,-4.24,16.83
PRJ-2023-096,CL-1118,LS-03,Pool & Hardscape,2437,293500,193400.0,2023-03-13,2023-05-17,2023-05-28,Completed,65,76.0,11.0,11.0,1,CST-0096,82600.0,48100.0,42800.0,23100.0,-1000.0,195600.0,97900.0,33.36,2200.0,1.14,21.88
PRJ-2023-097,CL-1096,LS-02,Full Villa Landscape,5581,468000,325800.0,2023-11-29,2024-03-31,2024-03-30,Completed,123,122.0,-1.0,-1.0,0,CST-0097,135500.0,81800.0,64000.0,35000.0,12400.0,328700.0,139300.0,29.76,2900.0,0.89,19.47
PRJ-2023-098,CL-1114,LS-01,Full Villa Landscape,3774,272000,184100.0,2023-10-06,2023-12-19,2023-12-17,Completed,74,72.0,-2.0,-2.0,0,CST-0098,80200.0,42000.0,43000.0,15300.0,6100.0,186600.0,85400.0,31.4,2500.0,1.36,23.04
PRJ-2023-099,CL-1078,LS-04,Irrigation & Softscape,3196,117500,78400.0,2024-03-16,2024-06-16,2024-07-27,Completed,92,133.0,41.0,41.0,1,CST-0099,31200.0,17200.0,17700.0,6100.0,5200.0,77400.0,40100.0,34.13,-1000.0,-1.28,22.87
PRJ-2023-100,CL-1006,LS-02,Pool & Hardscape,2618,494500,354100.0,2023-08-05,2023-10-19,2023-10-16,Completed,75,72.0,-3.0,-3.0,0,CST-0100,142900.0,97300.0,77100.0,29900.0,9600.0,356800.0,137700.0,27.85,2700.0,0.76,21.61
PRJ-2023-101,CL-1042,LS-01,Pool & Hardscape,1031,159500,110000.0,2024-06-29,2024-08-16,2024-08-15,Completed,48,47.0,-1.0,-1.0,0,CST-0101,43400.0,29700.0,22400.0,12200.0,5000.0,112700.0,46800.0,29.34,2700.0,2.45,19.88
PRJ-2023-102,CL-1010,LS-04,Pool & Hardscape,1173,176500,121400.0,2024-08-12,2024-09-30,2024-11-04,Completed,49,84.0,35.0,35.0,1,CST-0102,49300.0,32200.0,20100.0,9800.0,8900.0,120300.0,56200.0,31.84,-1100.0,-0.91,16.71
PRJ-2023-103,CL-1038,LS-01,Irrigation & Softscape,3159,96500,67300.0,2024-01-06,2024-03-20,2024-04-05,Completed,74,90.0,16.0,16.0,1,CST-0103,26600.0,15900.0,13000.0,5900.0,2800.0,64200.0,32300.0,33.47,-3100.0,-4.61,20.25
PRJ-2023-104,CL-1056,LS-04,Commercial Plaza,14584,696500,459000.0,2023-08-15,2024-04-10,2024-04-30,Completed,239,259.0,20.0,20.0,1,CST-0104,211800.0,118500.0,90400.0,38100.0,42900.0,501700.0,194800.0,27.97,42700.0,9.3,18.02
PRJ-2023-105,CL-1066,LS-01,Full Villa Landscape,6846,602000,395300.0,2023-06-01,2023-10-27,2023-11-15,Completed,148,167.0,19.0,19.0,1,CST-0105,152000.0,98000.0,64500.0,29800.0,24600.0,368900.0,233100.0,38.72,-26400.0,-6.68,17.48
PRJ-2023-106,CL-1026,LS-02,Pool & Hardscape,3467,453000,302100.0,2024-05-20,2024-08-21,2024-08-20,Completed,93,92.0,-1.0,-1.0,0,CST-0106,132500.0,75900.0,55200.0,22700.0,15700.0,302000.0,151000.0,33.33,-100.0,-0.03,18.28
PRJ-2023-107,CL-1088,LS-03,Irrigation & Softscape,4069,154000,106100.0,2023-11-07,2024-02-11,2024-02-10,Completed,96,95.0,-1.0,-1.0,0,CST-0107,39200.0,22200.0,20300.0,8400.0,10200.0,100300.0,53700.0,34.87,-5800.0,-5.47,20.24
PRJ-2023-108,CL-1046,LS-01,Full Villa Landscape,5042,432500,310300.0,2023-03-20,2023-07-12,2023-07-07,Completed,114,109.0,-5.0,-5.0,0,CST-0108,176400.0,95100.0,95900.0,39500.0,11200.0,418100.0,14400.0,3.33,107800.0,34.74,22.94
PRJ-2023-109,CL-1060,LS-01,Irrigation & Softscape,3342,176000,119700.0,2024-05-02,2024-07-31,2024-07-26,Completed,90,85.0,-5.0,-5.0,0,CST-0109,54900.0,33200.0,23500.0,9800.0,13200.0,134600.0,41400.0,23.52,14900.0,12.45,17.46
PRJ-2023-110,CL-1014,LS-03,Irrigation & Softscape,4425,142000,95800.0,2024-03-24,2024-07-20,2024-07-19,Completed,118,117.0,-1.0,-1.0,0,CST-0110,54700.0,31100.0,21100.0,12900.0,7600.0,127400.0,14600.0,10.28,31600.0,32.99,16.56
PRJ-2023-111,CL-1047,LS-03,Commercial Plaza,10634,622500,414500.0,2023-12-09,2024-06-03,2024-06-19,Completed,177,193.0,16.0,16.0,1,CST-0111,160600.0,92500.0,93000.0,29500.0,12500.0,388100.0,234400.0,37.65,-26400.0,-6.37,23.96
PRJ-2023-112,CL-1037,LS-03,Irrigation & Softscape,4464,229000,149400.0,2023-12-08,2024-03-05,2024-03-24,Completed,88,107.0,19.0,19.0,1,CST-0112,72100.0,39400.0,34000.0,15600.0,7500.0,168600.0,60400.0,26.38,19200.0,12.85,20.17
PRJ-2023-113,CL-1040,LS-04,Pool & Hardscape,1528,247000,161600.0,2023-12-03,2024-01-27,2024-01-27,Completed,55,55.0,0.0,0.0,0,CST-0113,72100.0,39100.0,34400.0,16500.0,1900.0,164000.0,83000.0,33.6,2400.0,1.49,20.98
PRJ-2023-114,CL-1083,LS-04,Full Villa Landscape,6665,541500,376100.0,2023-12-16,2024-05-18,2024-05-16,Completed,154,152.0,-2.0,-2.0,0,CST-0114,173200.0,102700.0,93900.0,34300.0,37100.0,441200.0,100300.0,18.52,65100.0,17.31,21.28
PRJ-2023-115,CL-1029,LS-02,Commercial Plaza,8538,407500,269300.0,2023-12-11,2024-06-21,2024-06-20,Completed,193,192.0,-1.0,-1.0,0,CST-0115,95000.0,61800.0,51900.0,21100.0,20200.0,250000.0,157500.0,38.65,-19300.0,-7.17,20.76
PRJ-2023-116,CL-1077,LS-04,Commercial Plaza,8527,432000,285900.0,2024-03-24,2024-08-14,2024-09-16,Completed,143,176.0,33.0,33.0,1,CST-0116,120400.0,70500.0,61300.0,33200.0,-100.0,285300.0,146700.0,33.96,-600.0,-0.21,21.49
PRJ-2023-117,CL-1057,LS-03,Commercial Plaza,18327,1305000,898600.0,2023-11-13,2024-09-25,2024-09-23,Completed,317,315.0,-2.0,-2.0,0,CST-0117,426600.0,280600.0,197200.0,98800.0,13300.0,1016500.0,288500.0,22.11,117900.0,13.12,19.4
PRJ-2023-118,CL-1048,LS-04,Commercial Plaza,13564,975500,649200.0,2023-06-15,2024-02-20,2024-02-19,Completed,250,249.0,-1.0,-1.0,0,CST-0118,284400.0,148500.0,114700.0,56500.0,58000.0,662100.0,313400.0,32.13,12900.0,1.99,17.32
PRJ-2023-119,CL-1112,LS-03,Commercial Plaza,6854,462000,304400.0,2024-06-12,2024-10-18,2024-10-15,Completed,128,125.0,-3.0,-3.0,0,CST-0119,135900.0,77800.0,73600.0,35900.0,18900.0,342100.0,119900.0,25.95,37700.0,12.39,21.51
PRJ-2023-120,CL-1098,LS-02,Full Villa Landscape,4734,403500,276000.0,2023-04-04,2023-07-07,2023-07-03,Completed,94,90.0,-4.0,-4.0,0,CST-0120,150900.0,82800.0,60100.0,33800.0,40900.0,368500.0,35000.0,8.67,92500.0,33.51,16.31
PRJ-2023-121,CL-1114,LS-03,Irrigation & Softscape,1609,65000,45000.0,2024-01-31,2024-03-21,2024-03-18,Completed,50,47.0,-3.0,-3.0,0,CST-0121,16400.0,11800.0,9700.0,4200.0,500.0,42600.0,22400.0,34.46,-2400.0,-5.33,22.77
PRJ-2023-122,CL-1004,LS-03,Commercial Plaza,7623,567000,382400.0,2023-05-21,2023-09-25,2023-11-04,Completed,127,167.0,40.0,40.0,1,CST-0122,233000.0,130900.0,90500.0,59800.0,40200.0,554400.0,12600.0,2.22,172000.0,44.98,16.32
PRJ-2023-123,CL-1098,LS-04,Commercial Plaza,13349,888000,583100.0,2023-08-09,2024-06-23,2024-06-22,Completed,319,318.0,-1.0,-1.0,0,CST-0123,251500.0,133500.0,119600.0,58800.0,14800.0,578200.0,309800.0,34.89,-4900.0,-0.84,20.68
PRJ-2023-124,CL-1015,LS-03,Irrigation & Softscape,2473,93000,66600.0,2023-03-06,2023-05-16,2023-06-26,Completed,71,112.0,41.0,41.0,1,CST-0124,24800.0,14900.0,13200.0,7000.0,2000.0,61900.0,31100.0,33.44,-4700.0,-7.06,21.32
PRJ-2023-125,CL-1081,LS-02,Full Villa Landscape,3676,287000,206600.0,2024-08-07,2024-11-02,2024-11-17,Completed,87,102.0,15.0,15.0,1,CST-0125,81800.0,56900.0,46300.0,20100.0,700.0,205800.0,81200.0,28.29,-800.0,-0.39,22.5
PRJ-2023-126,CL-1009,LS-01,Pool & Hardscape,2599,471000,337700.0,2023-09-17,2023-11-27,2023-11-24,Completed,71,68.0,-3.0,-3.0,0,CST-0126,128800.0,89700.0,62000.0,30900.0,11000.0,322400.0,148600.0,31.55,-15300.0,-4.53,19.23
PRJ-2023-127,CL-1045,LS-02,Full Villa Landscape,7882,735000,489500.0,2023-05-17,2023-10-04,2023-11-17,Completed,140,184.0,44.0,44.0,1,CST-0127,276900.0,164300.0,117500.0,59100.0,53400.0,671200.0,63800.0,8.68,181700.0,37.12,17.51
PRJ-2023-128,CL-1105,LS-02,Pool & Hardscape,2903,547500,375900.0,2023-03-06,2023-05-22,2023-05-20,Completed,77,75.0,-2.0,-2.0,0,CST-0128,181000.0,98800.0,86700.0,49500.0,9300.0,425300.0,122200.0,22.32,49400.0,13.14,20.39
PRJ-2023-129,CL-1038,LS-02,Full Villa Landscape,2858,287500,189200.0,2024-06-11,2024-08-25,2024-10-08,Completed,75,119.0,44.0,44.0,1,CST-0129,73000.0,52500.0,39400.0,15500.0,8200.0,188600.0,98900.0,34.4,-600.0,-0.32,20.89
PRJ-2023-130,CL-1033,LS-01,Irrigation & Softscape,4585,211500,148000.0,2023-12-06,2024-02-23,2024-02-20,Completed,79,76.0,-3.0,-3.0,0,CST-0130,59900.0,32700.0,34700.0,16800.0,1000.0,145100.0,66400.0,31.39,-2900.0,-1.96,23.91
PRJ-2023-131,CL-1114,LS-04,Irrigation & Softscape,4544,186500,121800.0,2024-05-23,2024-09-02,2024-08-30,Completed,102,99.0,-3.0,-3.0,0,CST-0131,48800.0,28400.0,24700.0,10800.0,900.0,113600.0,72900.0,39.09,-8200.0,-6.73,21.74
PRJ-2023-132,CL-1103,LS-01,Pool & Hardscape,2738,343500,232800.0,2024-07-12,2024-09-08,2024-09-24,Completed,58,74.0,16.0,16.0,1,CST-0132,103400.0,55300.0,48100.0,21000.0,7800.0,235600.0,107900.0,31.41,2800.0,1.2,20.42
PRJ-2023-133,CL-1042,LS-03,Full Villa Landscape,5010,426000,285300.0,2023-12-26,2024-05-03,2024-05-03,Completed,129,129.0,0.0,0.0,0,CST-0133,165100.0,103700.0,69500.0,41800.0,1300.0,381400.0,44600.0,10.47,96100.0,33.68,18.22
PRJ-2023-134,CL-1079,LS-04,Pool & Hardscape,2124,350000,232600.0,2024-02-20,2024-04-23,2024-04-23,Completed,63,63.0,0.0,0.0,0,CST-0134,97600.0,64100.0,43400.0,20200.0,12600.0,237900.0,112100.0,32.03,5300.0,2.28,18.24
PRJ-2023-135,CL-1004,LS-02,Commercial Plaza,19904,1319000,877500.0,2023-03-10,2024-06-03,2024-07-06,Completed,451,484.0,33.0,33.0,1,CST-0135,370000.0,206900.0,183500.0,78900.0,64400.0,903700.0,415300.0,31.49,26200.0,2.99,20.31
PRJ-2023-136,CL-1050,LS-01,Pool & Hardscape,3478,454500,312900.0,2024-03-30,2024-06-26,2024-06-25,Completed,88,87.0,-1.0,-1.0,0,CST-0136,124900.0,73400.0,53700.0,32200.0,22400.0,306600.0,147900.0,32.54,-6300.0,-2.01,17.51
PRJ-2023-137,CL-1068,LS-03,Commercial Plaza,12521,701000,491000.0,2023-01-27,2023-07-30,2023-07-28,Completed,184,182.0,-2.0,-2.0,0,CST-0137,198000.0,103400.0,101900.0,48900.0,12100.0,464300.0,236700.0,33.77,-26700.0,-5.44,21.95
PRJ-2023-138,CL-1117,LS-01,Irrigation & Softscape,2572,127000,85200.0,2024-05-17,2024-07-30,2024-08-17,Completed,74,92.0,18.0,18.0,1,CST-0138,39300.0,25200.0,22300.0,8900.0,-2000.0,93700.0,33300.0,26.22,8500.0,9.98,23.8
PRJ-2023-139,CL-1058,LS-02,Full Villa Landscape,6146,675500,448000.0,2023-12-22,2024-04-06,2024-04-05,Completed,106,105.0,-1.0,-1.0,0,CST-0139,181500.0,118900.0,100500.0,40200.0,-4200.0,436900.0,238600.0,35.32,-11100.0,-2.48,23.0
PRJ-2023-140,CL-1115,LS-03,Pool & Hardscape,1645,279500,183100.0,2024-01-06,2024-02-20,2024-02-15,Completed,45,40.0,-5.0,-5.0,0,CST-0140,75200.0,43500.0,37700.0,13800.0,7500.0,177700.0,101800.0,36.42,-5400.0,-2.95,21.22
PRJ-2023-141,CL-1102,LS-02,Commercial Plaza,9878,718000,515600.0,2024-04-23,2024-10-25,2024-10-24,Completed,185,184.0,-1.0,-1.0,0,CST-0141,211900.0,138400.0,112200.0,59600.0,7200.0,529300.0,188700.0,26.28,13700.0,2.66,21.2
PRJ-2023-142,CL-1079,LS-01,Commercial Plaza,7077,395000,256800.0,2024-06-22,2024-11-03,2024-12-09,Completed,134,170.0,36.0,36.0,1,CST-0142,120200.0,71300.0,64900.0,32200.0,9700.0,298300.0,96700.0,24.48,41500.0,16.16,21.76
PRJ-2023-143,CL-1017,LS-03,Full Villa Landscape,7762,530500,364700.0,2023-05-12,2023-10-12,2023-10-11,Completed,153,152.0,-1.0,-1.0,0,CST-0143,147700.0,99200.0,89900.0,46100.0,1700.0,384600.0,145900.0,27.5,19900.0,5.46,23.37
PRJ-2023-144,CL-1099,LS-02,Commercial Plaza,13088,819500,540200.0,2024-06-14,2025-01-02,,In Progress,202,,,0.0,0,CST-0144,142300.0,79200.0,73800.0,39800.0,15300.0,350400.0,469100.0,57.24,-189800.0,-35.14,21.06
PRJ-2023-145,CL-1042,LS-02,Commercial Plaza,11669,912000,623500.0,2023-09-14,2024-05-04,2024-06-18,Completed,233,278.0,45.0,45.0,1,CST-0145,269700.0,138400.0,139000.0,52600.0,21500.0,621200.0,290800.0,31.89,-2300.0,-0.37,22.38
PRJ-2023-146,CL-1017,LS-03,Pool & Hardscape,3185,403000,272100.0,2023-06-25,2023-09-02,2023-09-02,Completed,69,69.0,0.0,0.0,0,CST-0146,104900.0,64700.0,56900.0,20000.0,8200.0,254700.0,148300.0,36.8,-17400.0,-6.39,22.34
PRJ-2023-147,CL-1108,LS-01,Pool & Hardscape,1116,140500,91800.0,2023-08-04,2023-09-12,2023-09-10,Completed,39,37.0,-2.0,-2.0,0,CST-0147,38900.0,21900.0,21700.0,7200.0,3500.0,93200.0,47300.0,33.67,1400.0,1.53,23.28
PRJ-2023-148,CL-1064,LS-03,Full Villa Landscape,7758,838000,575000.0,2023-11-01,2024-03-17,2024-03-17,Completed,137,137.0,0.0,0.0,0,CST-0148,215500.0,120200.0,122300.0,62700.0,24400.0,545100.0,292900.0,34.95,-29900.0,-5.2,22.44
PRJ-2023-149,CL-1021,LS-04,Full Villa Landscape,5904,512500,361700.0,2023-11-17,2024-03-07,2024-03-04,Completed,111,108.0,-3.0,-3.0,0,CST-0149,137800.0,81600.0,70200.0,34600.0,14800.0,339000.0,173500.0,33.85,-22700.0,-6.28,20.71
PRJ-2024-150,CL-1052,LS-02,Pool & Hardscape,2517,393000,280000.0,2023-05-06,2023-07-22,2023-07-18,Completed,77,73.0,-4.0,-4.0,0,CST-0150,114300.0,61500.0,50600.0,25000.0,13900.0,265300.0,127700.0,32.49,-14700.0,-5.25,19.07
PRJ-2024-151,CL-1013,LS-01,Commercial Plaza,10754,840000,554000.0,2023-06-13,2024-01-06,2024-01-05,Completed,207,206.0,-1.0,-1.0,0,CST-0151,225700.0,152200.0,100000.0,64700.0,1900.0,544500.0,295500.0,35.18,-9500.0,-1.71,18.37
PRJ-2024-152,CL-1025,LS-02,Pool & Hardscape,3040,576500,396200.0,2024-05-24,2024-07-28,2024-09-01,Completed,65,100.0,35.0,35.0,1,CST-0152,155900.0,98300.0,82700.0,27300.0,12300.0,376500.0,200000.0,34.69,-19700.0,-4.97,21.97
PRJ-2024-153,CL-1031,LS-02,Irrigation & Softscape,3889,151000,108200.0,2023-10-20,2024-01-22,2024-01-17,Completed,94,89.0,-5.0,-5.0,0,CST-0153,45800.0,25000.0,23600.0,10600.0,500.0,105500.0,45500.0,30.13,-2700.0,-2.5,22.37
PRJ-2024-154,CL-1018,LS-03,Irrigation & Softscape,4479,175500,121400.0,2023-02-22,2023-06-26,2023-06-22,Completed,124,120.0,-4.0,-4.0,0,CST-0154,50200.0,31300.0,26200.0,12400.0,100.0,120200.0,55300.0,31.51,-1200.0,-0.99,21.8
PRJ-2024-155,CL-1071,LS-03,Pool & Hardscape,1301,191500,131800.0,2023-05-02,2023-06-14,2023-06-30,Completed,43,59.0,16.0,16.0,1,CST-0155,64800.0,38600.0,27600.0,13700.0,4500.0,149200.0,42300.0,22.09,17400.0,13.2,18.5
PRJ-2024-156,CL-1048,LS-03,Irrigation & Softscape,3784,202500,135100.0,2024-05-27,2024-09-05,2024-09-17,Completed,101,113.0,12.0,12.0,1,CST-0156,52100.0,32100.0,29700.0,10700.0,10600.0,135200.0,67300.0,33.23,100.0,0.07,21.97
PRJ-2024-157,CL-1092,LS-03,Commercial Plaza,19172,1180500,812200.0,2023-12-02,2024-10-15,2024-10-12,Completed,318,315.0,-3.0,-3.0,0,CST-0157,348600.0,200300.0,185400.0,88700.0,-27600.0,795400.0,385100.0,32.62,-16800.0,-2.07,23.31
PRJ-2024-158,CL-1051,LS-03,Commercial Plaza,15727,893000,591200.0,2024-07-30,2025-05-09,,In Progress,283,,,0.0,0,CST-0158,115000.0,66600.0,60100.0,28700.0,-2700.0,267700.0,625300.0,70.02,-323500.0,-54.72,22.45
PRJ-2024-159,CL-1043,LS-01,Pool & Hardscape,2706,435500,289300.0,2024-04-30,2024-06-23,2024-06-23,Completed,54,54.0,0.0,0.0,0,CST-0159,118100.0,61600.0,64000.0,30500.0,-4400.0,269800.0,165700.0,38.05,-19500.0,-6.74,23.72
PRJ-2024-160,CL-1093,LS-01,Commercial Plaza,15560,962000,657300.0,2023-06-01,2024-02-11,2024-02-07,Completed,255,251.0,-4.0,-4.0,0,CST-0160,339000.0,207600.0,146500.0,84800.0,-4000.0,773900.0,188100.0,19.55,116600.0,17.74,18.93
PRJ-2024-161,CL-1074,LS-01,Full Villa Landscape,4062,267500,186700.0,2023-07-28,2023-11-15,2023-12-25,Completed,110,150.0,40.0,40.0,1,CST-0161,74500.0,47600.0,39100.0,18100.0,3500.0,182800.0,84700.0,31.66,-3900.0,-2.09,21.39
PRJ-2024-162,CL-1091,LS-02,Full Villa Landscape,6749,501500,349700.0,2024-06-22,2024-11-01,2024-11-22,Completed,132,153.0,21.0,21.0,1,CST-0162,158400.0,95900.0,66400.0,46800.0,42400.0,409900.0,91600.0,18.27,60200.0,17.21,16.2
PRJ-2024-163,CL-1117,LS-03,Irrigation & Softscape,3737,145000,96600.0,2024-05-10,2024-07-26,2024-08-20,Completed,77,102.0,25.0,25.0,1,CST-0163,38800.0,22100.0,22300.0,11400.0,4000.0,98600.0,46400.0,32.0,2000.0,2.07,22.62
PRJ-2024-164,CL-1072,LS-03,Pool & Hardscape,1921,357000,232500.0,2023-08-01,2023-09-21,2023-09-19,Completed,51,49.0,-2.0,-2.0,0,CST-0164,87100.0,62100.0,41300.0,21200.0,12600.0,224300.0,132700.0,37.17,-8200.0,-3.53,18.41
PRJ-2024-165,CL-1062,LS-03,Pool & Hardscape,3295,611000,405900.0,2023-05-05,2023-07-30,2023-07-29,Completed,86,85.0,-1.0,-1.0,0,CST-0165,160300.0,102100.0,88200.0,44300.0,18100.0,413000.0,198000.0,32.41,7100.0,1.75,21.36
PRJ-2024-166,CL-1115,LS-04,Irrigation & Softscape,4852,187500,124900.0,2023-02-13,2023-06-16,2023-06-16,Completed,123,123.0,0.0,0.0,0,CST-0166,69800.0,37700.0,31800.0,12300.0,12800.0,164400.0,23100.0,12.32,39500.0,31.63,19.34
PRJ-2024-167,CL-1045,LS-04,Full Villa Landscape,7873,602500,413600.0,2024-07-29,2025-01-22,,In Progress,177,,,0.0,0,CST-0167,91300.0,62500.0,36700.0,20000.0,15200.0,225700.0,376800.0,62.54,-187900.0,-45.43,16.26
PRJ-2024-168,CL-1079,LS-02,Full Villa Landscape,4486,302000,198300.0,2023-02-23,2023-06-11,2023-07-12,Completed,108,139.0,31.0,31.0,1,CST-0168,87600.0,45900.0,43700.0,19800.0,6200.0,203200.0,98800.0,32.72,4900.0,2.47,21.51
PRJ-2024-169,CL-1013,LS-02,Irrigation & Softscape,1521,82500,53800.0,2024-05-02,2024-06-29,2024-06-25,Completed,58,54.0,-4.0,-4.0,0,CST-0169,28300.0,16200.0,11900.0,7900.0,5800.0,70100.0,12400.0,15.03,16300.0,30.3,16.98
PRJ-2024-170,CL-1042,LS-03,Pool & Hardscape,1242,228000,162700.0,2024-07-01,2024-08-11,2024-08-06,Completed,41,36.0,-5.0,-5.0,0,CST-0170,67600.0,41300.0,26100.0,17700.0,8800.0,161500.0,66500.0,29.17,-1200.0,-0.74,16.16
PRJ-2024-171,CL-1054,LS-02,Commercial Plaza,6595,527000,364800.0,2023-10-24,2024-03-01,2024-02-25,Completed,129,124.0,-5.0,-5.0,0,CST-0171,141000.0,76400.0,75400.0,27400.0,20500.0,340700.0,186300.0,35.35,-24100.0,-6.61,22.13
PRJ-2024-172,CL-1073,LS-01,Pool & Hardscape,2372,332000,216100.0,2023-05-18,2023-07-25,2023-07-23,Completed,68,66.0,-2.0,-2.0,0,CST-0172,87700.0,50200.0,50900.0,15400.0,15300.0,219500.0,112500.0,33.89,3400.0,1.57,23.19
PRJ-2024-173,CL-1025,LS-01,Pool & Hardscape,2354,309500,212900.0,2023-01-15,2023-03-20,2023-03-17,Completed,64,61.0,-3.0,-3.0,0,CST-0173,88200.0,53500.0,39600.0,23400.0,22800.0,227500.0,82000.0,26.49,14600.0,6.86,17.41
PRJ-2024-174,CL-1023,LS-04,Commercial Plaza,19549,1172500,817300.0,2023-07-09,2024-07-03,2024-07-01,Completed,360,358.0,-2.0,-2.0,0,CST-0174,322000.0,176500.0,140000.0,59300.0,55500.0,753300.0,419200.0,35.75,-64000.0,-7.83,18.58
PRJ-2024-175,CL-1120,LS-02,Pool & Hardscape,1027,142000,99900.0,2023-12-04,2024-01-10,2024-01-10,Completed,37,37.0,0.0,0.0,0,CST-0175,41200.0,26500.0,19800.0,10900.0,1700.0,100100.0,41900.0,29.51,200.0,0.2,19.78
PRJ-2024-176,CL-1034,LS-03,Full Villa Landscape,4435,300500,213900.0,2024-02-20,2024-06-01,2024-06-01,Completed,102,102.0,0.0,0.0,0,CST-0176,81800.0,55200.0,32600.0,21800.0,8000.0,199400.0,101100.0,33.64,-14500.0,-6.78,16.35
PRJ-2024-177,CL-1089,LS-01,Pool & Hardscape,2208,322000,226900.0,2024-05-04,2024-06-21,2024-07-24,Completed,48,81.0,33.0,33.0,1,CST-0177,103300.0,70500.0,41800.0,23800.0,14200.0,253600.0,68400.0,21.24,26700.0,11.77,16.48
PRJ-2024-178,CL-1090,LS-04,Irrigation & Softscape,4602,200000,134700.0,2023-03-25,2023-07-15,2023-07-14,Completed,112,111.0,-1.0,-1.0,0,CST-0178,54900.0,36800.0,22200.0,9900.0,10300.0,134100.0,65900.0,32.95,-600.0,-0.45,16.55
PRJ-2024-179,CL-1010,LS-01,Pool & Hardscape,1252,223000,146500.0,2023-06-18,2023-07-31,2023-09-12,Completed,43,86.0,43.0,43.0,1,CST-0179,53800.0,35000.0,27700.0,11700.0,7600.0,135800.0,87200.0,39.1,-10700.0,-7.3,20.4
PRJ-2024-180,CL-1015,LS-02,Irrigation & Softscape,4436,198000,141300.0,2023-02-26,2023-06-07,2023-06-06,Completed,101,100.0,-1.0,-1.0,0,CST-0180,77200.0,48600.0,31800.0,19900.0,12100.0,189600.0,8400.0,4.24,48300.0,34.18,16.77
PRJ-2024-181,CL-1059,LS-01,Irrigation & Softscape,3788,157500,104500.0,2024-02-10,2024-04-20,2024-04-15,Completed,70,65.0,-5.0,-5.0,0,CST-0181,50500.0,31200.0,21000.0,11000.0,4900.0,118600.0,38900.0,24.7,14100.0,13.49,17.71
PRJ-2024-182,CL-1075,LS-01,Commercial Plaza,6742,403500,270700.0,2023-03-12,2023-07-14,2023-07-12,Completed,124,122.0,-2.0,-2.0,0,CST-0182,105500.0,63500.0,43400.0,23700.0,23000.0,259100.0,144400.0,35.79,-11600.0,-4.29,16.75
PRJ-2024-183,CL-1037,LS-04,Full Villa Landscape,3974,396000,263900.0,2024-01-19,2024-04-14,2024-04-12,Completed,86,84.0,-2.0,-2.0,0,CST-0183,98700.0,69900.0,42000.0,28300.0,14800.0,253700.0,142300.0,35.93,-10200.0,-3.87,16.55
PRJ-2024-184,CL-1112,LS-04,Irrigation & Softscape,3038,97000,63300.0,2023-12-23,2024-02-22,2024-04-06,Completed,61,105.0,44.0,44.0,1,CST-0184,25000.0,15800.0,12000.0,5900.0,200.0,58900.0,38100.0,39.28,-4400.0,-6.95,20.37
PRJ-2024-185,CL-1068,LS-02,Irrigation & Softscape,4481,244000,161400.0,2023-11-02,2024-01-20,2024-01-20,Completed,79,79.0,0.0,0.0,0,CST-0185,59800.0,37200.0,32900.0,16600.0,7800.0,154300.0,89700.0,36.76,-7100.0,-4.4,21.32
PRJ-2024-186,CL-1069,LS-04,Irrigation & Softscape,4872,174000,119700.0,2023-07-13,2023-11-12,2023-11-12,Completed,122,122.0,0.0,0.0,0,CST-0186,60000.0,35000.0,25800.0,13500.0,2600.0,136900.0,37100.0,21.32,17200.0,14.37,18.85
PRJ-2024-187,CL-1005,LS-04,Full Villa Landscape,7537,749500,493300.0,2023-07-31,2024-02-05,2024-02-17,Completed,189,201.0,12.0,12.0,1,CST-0187,192600.0,110900.0,111400.0,43300.0,31300.0,489500.0,260000.0,34.69,-3800.0,-0.77,22.76
PRJ-2024-188,CL-1077,LS-01,Irrigation & Softscape,2502,121500,84100.0,2023-02-27,2023-05-07,2023-06-04,Completed,69,97.0,28.0,28.0,1,CST-0188,40500.0,25600.0,22500.0,10500.0,-4500.0,94600.0,26900.0,22.14,10500.0,12.49,23.78
PRJ-2024-189,CL-1105,LS-03,Commercial Plaza,15461,1019500,686000.0,2023-11-06,2024-09-04,2024-09-04,Completed,303,303.0,0.0,0.0,0,CST-0189,259300.0,187400.0,153800.0,56700.0,22400.0,679600.0,339900.0,33.34,-6400.0,-0.93,22.63
PRJ-2024-190,CL-1053,LS-03,Commercial Plaza,10508,495500,323900.0,2024-03-13,2024-08-23,2024-08-18,Completed,163,158.0,-5.0,-5.0,0,CST-0190,128700.0,77600.0,51800.0,36700.0,28200.0,323000.0,172500.0,34.81,-900.0,-0.28,16.04
PRJ-2024-191,CL-1083,LS-04,Pool & Hardscape,3148,448000,309500.0,2024-01-21,2024-04-18,2024-06-01,Completed,88,132.0,44.0,44.0,1,CST-0191,115900.0,77000.0,48500.0,32000.0,25000.0,298400.0,149600.0,33.39,-11100.0,-3.59,16.25
PRJ-2024-192,CL-1031,LS-02,Irrigation & Softscape,2731,140500,99700.0,2024-07-29,2024-09-29,2024-11-04,Completed,62,98.0,36.0,36.0,1,CST-0192,38600.0,23300.0,21000.0,10500.0,2900.0,96300.0,44200.0,31.46,-3400.0,-3.41,21.81
PRJ-2024-193,CL-1050,LS-02,Commercial Plaza,10177,530500,357900.0,2024-01-15,2024-06-29,2024-07-21,Completed,166,188.0,22.0,22.0,1,CST-0193,127400.0,76300.0,69700.0,34500.0,24700.0,332600.0,197900.0,37.3,-25300.0,-7.07,20.96
PRJ-2024-194,CL-1035,LS-04,Full Villa Landscape,7455,687000,452600.0,2024-05-05,2024-10-19,2024-11-19,Completed,167,198.0,31.0,31.0,1,CST-0194,183800.0,110800.0,81700.0,48400.0,24600.0,449300.0,237700.0,34.6,-3300.0,-0.73,18.18
PRJ-2024-195,CL-1117,LS-01,Pool & Hardscape,1867,346500,226100.0,2023-09-06,2023-11-13,2023-11-13,Completed,68,68.0,0.0,0.0,0,CST-0195,86800.0,57000.0,43500.0,22600.0,8800.0,218700.0,127800.0,36.88,-7400.0,-3.27,19.89
PRJ-2024-196,CL-1051,LS-02,Commercial Plaza,15045,846500,592700.0,2023-11-12,2024-08-19,2024-08-18,Completed,281,280.0,-1.0,-1.0,0,CST-0196,237600.0,125900.0,105100.0,46000.0,56500.0,571100.0,275400.0,32.53,-21600.0,-3.64,18.4
PRJ-2024-197,CL-1060,LS-01,Irrigation & Softscape,4788,261000,179300.0,2023-07-28,2023-10-28,2023-12-03,Completed,92,128.0,36.0,36.0,1,CST-0197,67900.0,37500.0,37400.0,13400.0,13800.0,170000.0,91000.0,34.87,-9300.0,-5.19,22.0
PRJ-2024-198,CL-1073,LS-02,Full Villa Landscape,3695,243000,165500.0,2023-10-30,2024-01-24,2024-02-24,Completed,86,117.0,31.0,31.0,1,CST-0198,67700.0,44600.0,37100.0,12200.0,3500.0,165100.0,77900.0,32.06,-400.0,-0.24,22.47
PRJ-2024-199,CL-1049,LS-02,Commercial Plaza,14180,911500,596100.0,2024-05-15,2025-02-19,,In Progress,280,,,0.0,0,CST-0199,158400.0,91600.0,96800.0,46800.0,20500.0,414100.0,497400.0,54.57,-182000.0,-30.53,23.38
PRJ-2024-200,CL-1059,LS-02,Irrigation & Softscape,4501,224500,159000.0,2023-07-08,2023-10-12,2023-10-11,Completed,96,95.0,-1.0,-1.0,0,CST-0200,66000.0,38300.0,26400.0,11100.0,14500.0,156300.0,68200.0,30.38,-2700.0,-1.7,16.89
PRJ-2024-201,CL-1068,LS-01,Full Villa Landscape,3108,334000,224900.0,2024-02-27,2024-04-27,2024-05-21,Completed,60,84.0,24.0,24.0,1,CST-0201,94600.0,61200.0,53000.0,16900.0,1000.0,226700.0,107300.0,32.13,1800.0,0.8,23.38
PRJ-2024-202,CL-1091,LS-02,Full Villa Landscape,2574,192500,132500.0,2024-05-14,2024-08-07,2024-09-20,Completed,85,129.0,44.0,44.0,1,CST-0202,59500.0,36000.0,27500.0,12300.0,8000.0,143300.0,49200.0,25.56,10800.0,8.15,19.19
PRJ-2024-203,CL-1002,LS-01,Irrigation & Softscape,3668,176500,120500.0,2024-05-29,2024-08-19,2024-08-19,Completed,82,82.0,0.0,0.0,0,CST-0203,45000.0,28900.0,19500.0,11000.0,10900.0,115300.0,61200.0,34.67,-5200.0,-4.32,16.91
PRJ-2024-204,CL-1104,LS-02,Irrigation & Softscape,1938,102500,70000.0,2024-06-23,2024-08-20,2024-09-21,Completed,58,90.0,32.0,32.0,1,CST-0204,38600.0,24500.0,20500.0,7400.0,0.0,91000.0,11500.0,11.22,21000.0,30.0,22.53
PRJ-2024-205,CL-1102,LS-04,Pool & Hardscape,1323,193500,133800.0,2023-08-20,2023-10-02,2023-10-17,Completed,43,58.0,15.0,15.0,1,CST-0205,52400.0,33500.0,26800.0,9900.0,3400.0,126000.0,67500.0,34.88,-7800.0,-5.83,21.27
PRJ-2024-206,CL-1012,LS-04,Full Villa Landscape,5606,459500,315500.0,2023-06-25,2023-10-04,2023-11-10,Completed,101,138.0,37.0,37.0,1,CST-0206,149500.0,93400.0,68900.0,40800.0,-1100.0,351500.0,108000.0,23.5,36000.0,11.41,19.6
PRJ-2024-207,CL-1073,LS-01,Pool & Hardscape,3163,583000,410400.0,2023-10-05,2023-12-17,2023-12-31,Completed,73,87.0,14.0,14.0,1,CST-0207,169600.0,110400.0,85400.0,31500.0,9300.0,406200.0,176800.0,30.33,-4200.0,-1.02,21.02
PRJ-2024-208,CL-1116,LS-01,Pool & Hardscape,1734,321000,224100.0,2023-05-28,2023-07-11,2023-07-11,Completed,44,44.0,0.0,0.0,0,CST-0208,86400.0,51300.0,35700.0,20700.0,23000.0,217100.0,103900.0,32.37,-7000.0,-3.12,16.44
PRJ-2024-209,CL-1119,LS-01,Irrigation & Softscape,2725,93000,65400.0,2024-07-07,2024-09-10,2024-09-28,Completed,65,83.0,18.0,18.0,1,CST-0209,24300.0,17100.0,10500.0,7200.0,4300.0,63400.0,29600.0,31.83,-2000.0,-3.06,16.56
PRJ-2024-210,CL-1065,LS-03,Full Villa Landscape,2939,204000,143600.0,2024-02-11,2024-05-08,2024-05-05,Completed,87,84.0,-3.0,-3.0,0,CST-0210,66600.0,40200.0,33200.0,17800.0,4500.0,162300.0,41700.0,20.44,18700.0,13.02,20.46
PRJ-2024-211,CL-1082,LS-03,Full Villa Landscape,6190,539000,374700.0,2024-03-18,2024-07-05,2024-08-08,Completed,109,143.0,34.0,34.0,1,CST-0211,178000.0,107600.0,77100.0,38900.0,13700.0,415300.0,123700.0,22.95,40600.0,10.84,18.56
PRJ-2024-212,CL-1099,LS-03,Full Villa Landscape,4518,438500,313200.0,2023-06-07,2023-10-04,2023-10-01,Completed,119,116.0,-3.0,-3.0,0,CST-0212,112100.0,79500.0,54400.0,30700.0,13600.0,290300.0,148200.0,33.8,-22900.0,-7.31,18.74
PRJ-2024-213,CL-1014,LS-01,Pool & Hardscape,1021,190000,130900.0,2023-04-15,2023-05-22,2023-06-12,Completed,37,58.0,21.0,21.0,1,CST-0213,48500.0,30300.0,24000.0,11800.0,8300.0,122900.0,67100.0,35.32,-8000.0,-6.11,19.53
PRJ-2024-214,CL-1058,LS-04,Irrigation & Softscape,1923,59000,41000.0,2024-01-30,2024-04-04,2024-05-10,Completed,65,101.0,36.0,36.0,1,CST-0214,15600.0,9600.0,7400.0,3900.0,2900.0,39400.0,19600.0,33.22,-1600.0,-3.9,18.78
PRJ-2024-215,CL-1100,LS-01,Irrigation & Softscape,4468,234500,154000.0,2024-01-25,2024-05-09,2024-06-05,Completed,105,132.0,27.0,27.0,1,CST-0215,67100.0,39400.0,37400.0,14700.0,16100.0,174700.0,59800.0,25.5,20700.0,13.44,21.41
PRJ-2024-216,CL-1035,LS-04,Pool & Hardscape,1597,198500,136900.0,2024-05-10,2024-06-30,2024-06-27,Completed,51,48.0,-3.0,-3.0,0,CST-0216,67500.0,42300.0,29000.0,15400.0,1200.0,155400.0,43100.0,21.71,18500.0,13.51,18.66
PRJ-2024-217,CL-1032,LS-04,Pool & Hardscape,3432,560000,385300.0,2023-01-07,2023-04-11,2023-04-08,Completed,94,91.0,-3.0,-3.0,0,CST-0217,161800.0,96700.0,70700.0,36800.0,3300.0,369300.0,190700.0,34.05,-16000.0,-4.15,19.14
PRJ-2024-218,CL-1103,LS-03,Irrigation & Softscape,3303,126500,83900.0,2023-11-04,2024-01-07,2024-01-07,Completed,64,64.0,0.0,0.0,0,CST-0218,43600.0,29000.0,24400.0,11200.0,100.0,108300.0,18200.0,14.39,24400.0,29.08,22.53
PRJ-2024-219,CL-1062,LS-03,Commercial Plaza,8910,702000,457800.0,2024-08-12,2025-02-23,,In Progress,195,,,0.0,0,CST-0219,132400.0,81500.0,63100.0,31900.0,3100.0,312000.0,390000.0,55.56,-145800.0,-31.85,20.22
PRJ-2024-220,CL-1036,LS-04,Irrigation & Softscape,2995,98500,67000.0,2024-07-17,2024-09-22,2024-10-31,Completed,67,106.0,39.0,39.0,1,CST-0220,25800.0,14800.0,11400.0,7500.0,4800.0,64300.0,34200.0,34.72,-2700.0,-4.03,17.73
PRJ-2024-221,CL-1057,LS-03,Commercial Plaza,19619,1358500,900200.0,2024-05-26,2025-03-30,,In Progress,308,,,0.0,0,CST-0221,192900.0,111900.0,81500.0,55000.0,48900.0,490200.0,868300.0,63.92,-410000.0,-45.55,16.63
PRJ-2024-222,CL-1033,LS-02,Commercial Plaza,17718,1059500,734900.0,2024-08-19,2025-07-15,,In Progress,330,,,0.0,0,CST-0222,122300.0,77500.0,66200.0,20600.0,300.0,286900.0,772600.0,72.92,-448000.0,-60.96,23.07
PRJ-2024-223,CL-1070,LS-01,Irrigation & Softscape,4738,257000,172400.0,2023-04-22,2023-07-15,2023-07-15,Completed,84,84.0,0.0,0.0,0,CST-0223,67100.0,42000.0,29900.0,19300.0,14800.0,173100.0,83900.0,32.65,700.0,0.41,17.27
PRJ-2024-224,CL-1022,LS-01,Pool & Hardscape,3306,624500,420000.0,2024-03-16,2024-06-07,2024-06-23,Completed,83,99.0,16.0,16.0,1,CST-0224,189200.0,119500.0,93600.0,50400.0,32500.0,485200.0,139300.0,22.31,65200.0,15.52,19.29
PRJ-2024-225,CL-1029,LS-02,Pool & Hardscape,2825,413000,284000.0,2023-12-20,2024-02-19,2024-02-17,Completed,61,59.0,-2.0,-2.0,0,CST-0225,109300.0,72900.0,53900.0,26600.0,12500.0,275200.0,137800.0,33.37,-8800.0,-3.1,19.59
PRJ-2024-226,CL-1038,LS-04,Full Villa Landscape,3203,225000,147200.0,2023-11-16,2024-02-15,2024-02-11,Completed,91,87.0,-4.0,-4.0,0,CST-0226,60600.0,40100.0,28100.0,17400.0,2300.0,148500.0,76500.0,34.0,1300.0,0.88,18.92
PRJ-2024-227,CL-1045,LS-04,Irrigation & Softscape,1899,78000,52400.0,2023-11-04,2023-12-25,2024-01-11,Completed,51,68.0,17.0,17.0,1,CST-0227,27600.0,16900.0,14100.0,8200.0,2700.0,69500.0,8500.0,10.9,17100.0,32.63,20.29
PRJ-2024-228,CL-1109,LS-03,Full Villa Landscape,7808,546000,362500.0,2024-06-12,2024-10-17,2024-11-06,Completed,127,147.0,20.0,20.0,1,CST-0228,162500.0,98300.0,88400.0,47600.0,21600.0,418400.0,127600.0,23.37,55900.0,15.42,21.13
PRJ-2024-229,CL-1072,LS-04,Pool & Hardscape,2892,394000,272500.0,2024-03-18,2024-06-03,2024-06-03,Completed,77,77.0,0.0,0.0,0,CST-0229,109300.0,68800.0,46400.0,27400.0,1900.0,253800.0,140200.0,35.58,-18700.0,-6.86,18.28
PRJ-2024-230,CL-1058,LS-04,Commercial Plaza,12370,558500,393700.0,2024-08-14,2025-04-21,,In Progress,250,,,0.0,0,CST-0230,78500.0,41400.0,35300.0,21200.0,4400.0,180800.0,377700.0,67.63,-212900.0,-54.08,19.52
PRJ-2024-231,CL-1047,LS-03,Commercial Plaza,9228,563000,395000.0,2024-06-24,2024-11-29,2024-11-26,Completed,158,155.0,-3.0,-3.0,0,CST-0231,153600.0,84900.0,62900.0,36400.0,45200.0,383000.0,180000.0,31.97,-12000.0,-3.04,16.42
PRJ-2024-232,CL-1079,LS-04,Irrigation & Softscape,3904,128500,89400.0,2023-11-01,2024-01-26,2024-01-25,Completed,86,85.0,-1.0,-1.0,0,CST-0232,37000.0,20400.0,21600.0,10300.0,2700.0,92000.0,36500.0,28.4,2600.0,2.91,23.48
PRJ-2024-233,CL-1087,LS-02,Full Villa Landscape,5065,356000,248700.0,2023-05-25,2023-09-29,2023-09-27,Completed,127,125.0,-2.0,-2.0,0,CST-0233,97300.0,59400.0,56700.0,26300.0,10800.0,250500.0,105500.0,29.63,1800.0,0.72,22.63
PRJ-2024-234,CL-1074,LS-04,Commercial Plaza,12931,666000,449900.0,2024-07-22,2025-02-20,,In Progress,213,,,0.0,0,CST-0234,77000.0,45000.0,29300.0,13500.0,17600.0,182400.0,483600.0,72.61,-267500.0,-59.46,16.06
PRJ-2024-235,CL-1024,LS-03,Commercial Plaza,19795,1203000,861600.0,2024-05-11,2025-05-14,,In Progress,368,,,0.0,0,CST-0235,167700.0,98600.0,85000.0,37600.0,900.0,389800.0,813200.0,67.6,-471800.0,-54.76,21.81
PRJ-2024-236,CL-1053,LS-04,Irrigation & Softscape,3202,153000,105400.0,2024-08-01,2024-10-21,2024-11-14,Completed,81,105.0,24.0,24.0,1,CST-0236,39900.0,22400.0,19400.0,11000.0,7600.0,100300.0,52700.0,34.44,-5100.0,-4.84,19.34
PRJ-2024-237,CL-1005,LS-03,Pool & Hardscape,1920,302500,214200.0,2024-07-16,2024-09-16,2024-10-03,Completed,62,79.0,17.0,17.0,1,CST-0237,86700.0,51100.0,32200.0,19100.0,10600.0,199700.0,102800.0,33.98,-14500.0,-6.77,16.12
PRJ-2024-238,CL-1100,LS-03,Pool & Hardscape,3220,572000,410200.0,2024-07-13,2024-09-27,2024-11-03,Completed,76,113.0,37.0,37.0,1,CST-0238,155800.0,98600.0,68800.0,34900.0,25800.0,383900.0,188100.0,32.88,-26300.0,-6.41,17.92
PRJ-2024-239,CL-1095,LS-02,Full Villa Landscape,4938,515500,370000.0,2023-03-31,2023-07-28,2023-07-23,Completed,119,114.0,-5.0,-5.0,0,CST-0239,150800.0,77100.0,69500.0,32800.0,13700.0,343900.0,171600.0,33.29,-26100.0,-7.05,20.21
PRJ-2024-240,CL-1027,LS-03,Commercial Plaza,17644,1171000,808000.0,2023-07-31,2024-05-20,2024-05-15,Completed,294,289.0,-5.0,-5.0,0,CST-0240,439200.0,270200.0,229600.0,129600.0,20100.0,1088700.0,82300.0,7.03,280700.0,34.74,21.09
PRJ-2024-241,CL-1069,LS-03,Pool & Hardscape,3444,543000,378700.0,2023-10-24,2024-01-07,2024-01-06,Completed,75,74.0,-1.0,-1.0,0,CST-0241,149200.0,84000.0,76300.0,35400.0,4200.0,349100.0,193900.0,35.71,-29600.0,-7.82,21.86
PRJ-2024-242,CL-1018,LS-04,Full Villa Landscape,2985,327500,215900.0,2023-09-13,2023-12-01,2023-12-31,Completed,79,109.0,30.0,30.0,1,CST-0242,98900.0,55100.0,50400.0,27400.0,15500.0,247300.0,80200.0,24.49,31400.0,14.54,20.38
PRJ-2024-243,CL-1098,LS-04,Commercial Plaza,14019,700500,473400.0,2024-01-20,2024-09-19,2024-09-19,Completed,243,243.0,0.0,0.0,0,CST-0243,194200.0,124600.0,100200.0,52600.0,4500.0,476100.0,224400.0,32.03,2700.0,0.57,21.05
PRJ-2024-244,CL-1052,LS-03,Full Villa Landscape,5523,472000,323700.0,2023-04-06,2023-07-17,2023-07-15,Completed,102,100.0,-2.0,-2.0,0,CST-0244,132600.0,77300.0,53200.0,26000.0,36300.0,325400.0,146600.0,31.06,1700.0,0.53,16.35
PRJ-2024-245,CL-1109,LS-01,Pool & Hardscape,3189,471500,307500.0,2024-05-21,2024-07-25,2024-07-22,Completed,65,62.0,-3.0,-3.0,0,CST-0245,129200.0,87900.0,64000.0,26000.0,7400.0,314500.0,157000.0,33.3,7000.0,2.28,20.35
PRJ-2024-246,CL-1071,LS-02,Pool & Hardscape,3318,596000,396200.0,2023-02-17,2023-04-19,2023-05-28,Completed,61,100.0,39.0,39.0,1,CST-0246,171000.0,113700.0,97600.0,36900.0,6700.0,425900.0,170100.0,28.54,29700.0,7.5,22.92
PRJ-2024-247,CL-1016,LS-02,Full Villa Landscape,6115,523000,340200.0,2023-05-16,2023-09-19,2023-09-16,Completed,126,123.0,-3.0,-3.0,0,CST-0247,141600.0,86500.0,75700.0,29200.0,-6200.0,326800.0,196200.0,37.51,-13400.0,-3.94,23.16
PRJ-2024-248,CL-1112,LS-03,Commercial Plaza,7529,511500,359300.0,2023-02-23,2023-07-27,2023-07-24,Completed,154,151.0,-3.0,-3.0,0,CST-0248,196500.0,132100.0,96600.0,52800.0,1400.0,479400.0,32100.0,6.28,120100.0,33.43,20.15
PRJ-2024-249,CL-1055,LS-01,Commercial Plaza,17529,847000,597200.0,2023-08-20,2024-09-14,2024-10-22,Completed,391,429.0,38.0,38.0,1,CST-0249,263500.0,170500.0,128900.0,54500.0,15800.0,633200.0,213800.0,25.24,36000.0,6.03,20.36
PRJ-2024-250,CL-1002,LS-03,Full Villa Landscape,3487,381500,263400.0,2023-03-14,2023-06-23,2023-07-08,Completed,101,116.0,15.0,15.0,1,CST-0250,104200.0,67000.0,50800.0,27300.0,12200.0,261500.0,120000.0,31.45,-1900.0,-0.72,19.43
PRJ-2024-251,CL-1014,LS-03,Full Villa Landscape,5511,576500,409500.0,2023-05-27,2023-09-02,2023-09-12,Completed,98,108.0,10.0,10.0,1,CST-0251,163600.0,91300.0,90800.0,31700.0,1200.0,378600.0,197900.0,34.33,-30900.0,-7.55,23.98
PRJ-2024-252,CL-1057,LS-03,Commercial Plaza,17836,935500,624600.0,2024-03-29,2024-12-23,2024-12-18,Completed,269,264.0,-5.0,-5.0,0,CST-0252,345400.0,232000.0,169800.0,98900.0,52100.0,898200.0,37300.0,3.99,273600.0,43.8,18.9
PRJ-2024-253,CL-1018,LS-01,Full Villa Landscape,7329,717000,498600.0,2023-05-24,2023-10-22,2023-11-06,Completed,151,166.0,15.0,15.0,1,CST-0253,198600.0,131000.0,113700.0,36700.0,31000.0,511000.0,206000.0,28.73,12400.0,2.49,22.25
PRJ-2024-254,CL-1071,LS-03,Commercial Plaza,18762,1462500,1050300.0,2023-07-30,2024-05-09,2024-06-20,Completed,284,326.0,42.0,42.0,1,CST-0254,424600.0,256600.0,216900.0,105900.0,52200.0,1056200.0,406300.0,27.78,5900.0,0.56,20.54
PRJ-2024-255,CL-1096,LS-04,Commercial Plaza,10842,733000,487500.0,2024-05-21,2024-11-13,2024-11-09,Completed,176,172.0,-4.0,-4.0,0,CST-0255,200900.0,132700.0,102800.0,48200.0,14800.0,499400.0,233600.0,31.87,11900.0,2.44,20.58
PRJ-2024-256,CL-1082,LS-01,Irrigation & Softscape,3663,191500,137700.0,2023-05-16,2023-08-14,2023-08-13,Completed,90,89.0,-1.0,-1.0,0,CST-0256,53900.0,31000.0,29900.0,13000.0,8700.0,136500.0,55000.0,28.72,-1200.0,-0.87,21.9
PRJ-2024-257,CL-1047,LS-02,Irrigation & Softscape,4624,193000,125600.0,2023-03-11,2023-07-02,2023-07-25,Completed,113,136.0,23.0,23.0,1,CST-0257,48800.0,29100.0,24100.0,14800.0,6500.0,123300.0,69700.0,36.11,-2300.0,-1.83,19.55
PRJ-2024-258,CL-1119,LS-01,Full Villa Landscape,5760,505500,341700.0,2024-03-09,2024-07-09,2024-07-04,Completed,122,117.0,-5.0,-5.0,0,CST-0258,142800.0,79300.0,79600.0,32300.0,14800.0,348800.0,156700.0,31.0,7100.0,2.08,22.82
PRJ-2024-259,CL-1036,LS-01,Commercial Plaza,11077,529000,346800.0,2024-07-03,2024-12-27,,In Progress,177,,,0.0,0,CST-0259,100000.0,55400.0,52800.0,27600.0,10200.0,246000.0,283000.0,53.5,-100800.0,-29.07,21.46
PRJ-2024-260,CL-1090,LS-04,Pool & Hardscape,1977,245500,175300.0,2024-04-09,2024-05-31,2024-05-26,Completed,52,47.0,-5.0,-5.0,0,CST-0260,64500.0,42400.0,38900.0,18900.0,3300.0,168000.0,77500.0,31.57,-7300.0,-4.16,23.15
PRJ-2024-261,CL-1086,LS-02,Pool & Hardscape,1489,180000,127900.0,2024-05-23,2024-07-15,2024-07-14,Completed,53,52.0,-1.0,-1.0,0,CST-0261,62600.0,40100.0,30000.0,11400.0,5600.0,149700.0,30300.0,16.83,21800.0,17.04,20.04
PRJ-2024-262,CL-1022,LS-03,Pool & Hardscape,1519,262000,172600.0,2023-01-31,2023-03-12,2023-03-10,Completed,40,38.0,-2.0,-2.0,0,CST-0262,69000.0,35800.0,33000.0,14300.0,9300.0,161400.0,100600.0,38.4,-11200.0,-6.49,20.45
PRJ-2024-263,CL-1068,LS-01,Pool & Hardscape,2077,353000,239900.0,2024-04-11,2024-06-24,2024-06-19,Completed,74,69.0,-5.0,-5.0,0,CST-0263,112100.0,60600.0,49700.0,32300.0,14400.0,269100.0,83900.0,23.77,29200.0,12.17,18.47
PRJ-2024-264,CL-1110,LS-02,Irrigation & Softscape,3006,102000,67900.0,2023-08-22,2023-10-20,2023-10-15,Completed,59,54.0,-5.0,-5.0,0,CST-0264,32300.0,20400.0,12600.0,9000.0,1600.0,75900.0,26100.0,25.59,8000.0,11.78,16.6
PRJ-2024-265,CL-1110,LS-01,Full Villa Landscape,4503,302000,209700.0,2023-07-03,2023-09-20,2023-09-15,Completed,79,74.0,-5.0,-5.0,0,CST-0265,85500.0,48900.0,46800.0,22200.0,-100.0,203300.0,98700.0,32.68,-6400.0,-3.05,23.02
PRJ-2024-266,CL-1029,LS-03,Irrigation & Softscape,2516,101500,68000.0,2024-08-08,2024-10-11,2024-11-22,Completed,64,106.0,42.0,42.0,1,CST-0266,28000.0,15700.0,14900.0,4700.0,600.0,63900.0,37600.0,37.04,-4100.0,-6.03,23.32
PRJ-2024-267,CL-1023,LS-02,Full Villa Landscape,6725,734000,479500.0,2023-10-17,2024-04-06,2024-04-03,Completed,172,169.0,-3.0,-3.0,0,CST-0267,175100.0,107500.0,97400.0,39200.0,30000.0,449200.0,284800.0,38.8,-30300.0,-6.32,21.68
PRJ-2024-268,CL-1012,LS-04,Pool & Hardscape,1032,150500,105300.0,2023-09-06,2023-10-14,2023-11-24,Completed,38,79.0,41.0,41.0,1,CST-0268,64700.0,35300.0,31600.0,14600.0,3900.0,150100.0,400.0,0.27,44800.0,42.55,21.05
PRJ-2024-269,CL-1094,LS-02,Commercial Plaza,8466,383000,264800.0,2023-01-10,2023-07-17,2023-07-12,Completed,188,183.0,-5.0,-5.0,0,CST-0269,104000.0,63100.0,43800.0,29600.0,11900.0,252400.0,130600.0,34.1,-12400.0,-4.68,17.35
PRJ-2024-270,CL-1109,LS-03,Irrigation & Softscape,1925,67500,44000.0,2023-03-03,2023-05-05,2023-05-01,Completed,63,59.0,-4.0,-4.0,0,CST-0270,18500.0,11200.0,9900.0,4300.0,-200.0,43700.0,23800.0,35.26,-300.0,-0.68,22.65
PRJ-2024-271,CL-1012,LS-01,Pool & Hardscape,1948,356000,243400.0,2024-04-14,2024-06-08,2024-06-03,Completed,55,50.0,-5.0,-5.0,0,CST-0271,98200.0,66300.0,52900.0,26300.0,12800.0,256500.0,99500.0,27.95,13100.0,5.38,20.62
PRJ-2024-272,CL-1065,LS-02,Full Villa Landscape,7720,786500,562200.0,2024-03-21,2024-08-06,2024-08-02,Completed,138,134.0,-4.0,-4.0,0,CST-0272,259700.0,155100.0,130500.0,52400.0,23100.0,620800.0,165700.0,21.07,58600.0,10.42,21.02
PRJ-2024-273,CL-1038,LS-03,Commercial Plaza,19941,1117000,741600.0,2023-11-22,2024-10-09,2024-10-05,Completed,322,318.0,-4.0,-4.0,0,CST-0273,422800.0,257700.0,181400.0,72700.0,52500.0,987100.0,129900.0,11.63,245500.0,33.1,18.38
PRJ-2024-274,CL-1026,LS-02,Full Villa Landscape,7289,509500,363100.0,2023-11-18,2024-04-18,2024-04-17,Completed,152,151.0,-1.0,-1.0,0,CST-0274,143800.0,81700.0,73300.0,30100.0,22700.0,351600.0,157900.0,30.99,-11500.0,-3.17,20.85
PRJ-2024-275,CL-1099,LS-02,Pool & Hardscape,2851,403500,283000.0,2023-06-11,2023-08-26,2023-08-23,Completed,76,73.0,-3.0,-3.0,0,CST-0275,139900.0,90300.0,55300.0,28700.0,10000.0,324200.0,79300.0,19.65,41200.0,14.56,17.06
PRJ-2024-276,CL-1028,LS-03,Full Villa Landscape,3715,256500,180200.0,2024-06-09,2024-09-10,2024-10-09,Completed,93,122.0,29.0,29.0,1,CST-0276,70200.0,40600.0,30900.0,12900.0,17500.0,172100.0,84400.0,32.9,-8100.0,-4.5,17.95
PRJ-2024-277,CL-1105,LS-02,Pool & Hardscape,1127,210500,139000.0,2023-04-07,2023-05-17,2023-05-13,Completed,40,36.0,-4.0,-4.0,0,CST-0277,55800.0,31400.0,30700.0,10400.0,5500.0,133800.0,76700.0,36.44,-5200.0,-3.74,22.94
PRJ-2024-278,CL-1002,LS-01,Full Villa Landscape,4320,306000,202700.0,2024-08-19,2024-11-21,2024-11-16,Completed,94,89.0,-5.0,-5.0,0,CST-0278,79500.0,53000.0,39900.0,19100.0,7900.0,199400.0,106600.0,34.84,-3300.0,-1.63,20.01
PRJ-2024-279,CL-1009,LS-02,Full Villa Landscape,7791,662000,470700.0,2023-05-06,2023-09-14,2023-10-23,Completed,131,170.0,39.0,39.0,1,CST-0279,171200.0,124200.0,90000.0,53100.0,10500.0,449000.0,213000.0,32.18,-21700.0,-4.61,20.04
PRJ-2024-280,CL-1022,LS-04,Full Villa Landscape,5735,501000,347300.0,2023-12-29,2024-04-25,2024-05-16,Completed,118,139.0,21.0,21.0,1,CST-0280,127500.0,83100.0,76800.0,34200.0,11400.0,333000.0,168000.0,33.53,-14300.0,-4.12,23.06
PRJ-2024-281,CL-1036,LS-04,Pool & Hardscape,1608,197000,133300.0,2024-05-25,2024-07-18,2024-07-17,Completed,54,53.0,-1.0,-1.0,0,CST-0281,56200.0,32100.0,30100.0,13900.0,-1800.0,130500.0,66500.0,33.76,-2800.0,-2.1,23.07
PRJ-2024-282,CL-1008,LS-01,Irrigation & Softscape,2645,104500,72200.0,2024-07-10,2024-09-10,2024-09-08,Completed,62,60.0,-2.0,-2.0,0,CST-0282,32000.0,20100.0,13900.0,7700.0,5500.0,79200.0,25300.0,24.21,7000.0,9.7,17.55
PRJ-2024-283,CL-1062,LS-04,Pool & Hardscape,2409,443000,303400.0,2023-07-04,2023-09-07,2023-10-01,Completed,65,89.0,24.0,24.0,1,CST-0283,126100.0,70100.0,70800.0,30800.0,-1800.0,296000.0,147000.0,33.18,-7400.0,-2.44,23.92
PRJ-2024-284,CL-1115,LS-03,Full Villa Landscape,2979,302000,207500.0,2023-06-13,2023-08-27,2023-09-21,Completed,75,100.0,25.0,25.0,1,CST-0284,86100.0,57100.0,39900.0,24900.0,5200.0,213200.0,88800.0,29.4,5700.0,2.75,18.71
PRJ-2024-285,CL-1069,LS-01,Pool & Hardscape,1898,304000,198000.0,2023-06-27,2023-08-25,2023-09-24,Completed,59,89.0,30.0,30.0,1,CST-0285,87400.0,53300.0,34900.0,16400.0,21000.0,213000.0,91000.0,29.93,15000.0,7.58,16.38
PRJ-2024-286,CL-1117,LS-01,Pool & Hardscape,2440,454500,309300.0,2024-05-19,2024-07-17,2024-07-13,Completed,59,55.0,-4.0,-4.0,0,CST-0286,122500.0,77100.0,60500.0,26000.0,14600.0,300700.0,153800.0,33.84,-8600.0,-2.78,20.12
PRJ-2024-287,CL-1005,LS-01,Irrigation & Softscape,1730,62000,43700.0,2023-01-01,2023-02-28,2023-02-27,Completed,58,57.0,-1.0,-1.0,0,CST-0287,18000.0,10800.0,7500.0,3600.0,1100.0,41000.0,21000.0,33.87,-2700.0,-6.18,18.29
PRJ-2024-288,CL-1104,LS-02,Commercial Plaza,11582,812000,532400.0,2023-03-02,2023-09-03,2023-09-22,Completed,185,204.0,19.0,19.0,1,CST-0288,251800.0,141800.0,134200.0,52700.0,15400.0,595900.0,216100.0,26.61,63500.0,11.93,22.52
PRJ-2024-289,CL-1109,LS-03,Full Villa Landscape,3094,253000,165500.0,2023-12-11,2024-02-21,2024-02-17,Completed,72,68.0,-4.0,-4.0,0,CST-0289,70600.0,45600.0,37100.0,17800.0,-1000.0,170100.0,82900.0,32.77,4600.0,2.78,21.81
PRJ-2024-290,CL-1094,LS-04,Commercial Plaza,18973,1278500,876900.0,2024-07-29,2025-07-28,,In Progress,364,,,0.0,0,CST-0290,129200.0,87900.0,70400.0,34400.0,-5600.0,316300.0,962200.0,75.26,-560600.0,-63.93,22.26
PRJ-2024-291,CL-1029,LS-02,Pool & Hardscape,2549,360500,242200.0,2023-01-02,2023-03-15,2023-03-14,Completed,72,71.0,-1.0,-1.0,0,CST-0291,100400.0,55700.0,50900.0,24400.0,10600.0,242000.0,118500.0,32.87,-200.0,-0.08,21.03
PRJ-2024-292,CL-1109,LS-01,Irrigation & Softscape,2245,101000,66200.0,2024-08-02,2024-09-22,2024-11-02,Completed,51,92.0,41.0,41.0,1,CST-0292,29800.0,15700.0,16700.0,5300.0,3300.0,70800.0,30200.0,29.9,4600.0,6.95,23.59
PRJ-2024-293,CL-1043,LS-01,Commercial Plaza,9899,565500,394500.0,2023-12-10,2024-05-27,2024-05-24,Completed,169,166.0,-3.0,-3.0,0,CST-0293,146500.0,98500.0,72600.0,41000.0,18000.0,376600.0,188900.0,33.4,-17900.0,-4.54,19.28
PRJ-2024-294,CL-1032,LS-01,Commercial Plaza,11742,634000,451700.0,2024-01-31,2024-11-02,2024-10-31,Completed,276,274.0,-2.0,-2.0,0,CST-0294,272200.0,143600.0,109800.0,51600.0,64600.0,641800.0,-7800.0,-1.23,190100.0,42.09,17.11
PRJ-2024-295,CL-1114,LS-04,Commercial Plaza,14078,1068000,742700.0,2024-05-05,2025-01-24,,In Progress,264,,,0.0,0,CST-0295,149600.0,89700.0,66000.0,28000.0,23200.0,356500.0,711500.0,66.62,-386200.0,-52.0,18.51
PRJ-2024-296,CL-1021,LS-04,Commercial Plaza,7207,526000,377500.0,2023-09-25,2024-03-28,2024-03-23,Completed,185,180.0,-5.0,-5.0,0,CST-0296,196700.0,130600.0,106700.0,50100.0,6200.0,490300.0,35700.0,6.79,112800.0,29.88,21.76
PRJ-2024-297,CL-1022,LS-04,Pool & Hardscape,1659,284000,193600.0,2023-12-13,2024-01-21,2024-01-20,Completed,39,38.0,-1.0,-1.0,0,CST-0297,74800.0,44900.0,39100.0,15500.0,16800.0,191100.0,92900.0,32.71,-2500.0,-1.29,20.46
PRJ-2024-298,CL-1091,LS-01,Irrigation & Softscape,3266,175000,124000.0,2023-06-10,2023-08-21,2023-09-21,Completed,72,103.0,31.0,31.0,1,CST-0298,63500.0,37100.0,34600.0,13700.0,10900.0,159800.0,15200.0,8.69,35800.0,28.87,21.65
PRJ-2024-299,CL-1025,LS-04,Commercial Plaza,17422,1122000,735100.0,2023-10-16,2024-08-15,2024-08-10,Completed,304,299.0,-5.0,-5.0,0,CST-0299,321600.0,177700.0,127600.0,78100.0,46800.0,751800.0,370200.0,32.99,16700.0,2.27,16.97
PRJ-2025-300,CL-1051,LS-04,Full Villa Landscape,3758,253500,182500.0,2024-05-06,2024-08-17,2024-08-28,Completed,103,114.0,11.0,11.0,1,CST-0300,80500.0,52000.0,42100.0,15900.0,-2900.0,187600.0,65900.0,26.0,5100.0,2.79,22.44
