client_id,client_name,client_type,primary_location
CL-1001,Private Client 001,Luxury Residential,Palm Jumeirah
CL-1002,Resort & Spa Group 002,Hospitality,Dubai Hills Estate
CL-1003,Al-Ghurair Holdings 003,Commercial Developer,Business Bay
CL-1004,Private Client 004,Luxury Residential,Business Bay
CL-1005,Private Client 005,Luxury Residential,Downtown Dubai
CL-1006,Al-Futtaim Holdings 006,Corporate Office,Palm Jumeirah
CL-1007,Private Client 007,Luxury Residential,Dubai Hills Estate
CL-1008,Al-Futtaim Holdings 008,Commercial Developer,Downtown Dubai
CL-1009,Al-Diyar Holdings 009,Commercial Developer,Dubai Hills Estate
CL-1010,Al-Habtoor Holdings 010,Corporate Office,Jumeirah Golf Estates
CL-1011,Private Client 011,Luxury Residential,Jumeirah Golf Estates
CL-1012,Al-Diyar Holdings 012,Commercial Developer,Emirates Hills
CL-1013,Resort & Spa Group 013,Hospitality,Dubai Hills Estate
CL-1014,Al-Habtoor Holdings 014,Commercial Developer,Palm Jumeirah
CL-1015,Private Client 015,Luxury Residential,Arabian Ranches
CL-1016,Private Client 016,Luxury Residential,Emirates Hills
CL-1017,Resort & Spa Group 017,Hospitality,Downtown Dubai
CL-1018,Resort & Spa Group 018,Hospitality,Jumeirah Golf Estates
CL-1019,Private Client 019,Luxury Residential,Business Bay
CL-1020,Al-Futtaim Holdings 020,Corporate Office,Arabian Ranches
CL-1021,Private Client 021,Luxury Residential,Downtown Dubai
CL-1022,Resort & Spa Group 022,Hospitality,Jumeirah Golf Estates
CL-1023,Resort & Spa Group 023,Hospitality,Downtown Dubai
CL-1024,Al-Futtaim Holdings 024,Commercial Developer,Palm Jumeirah
CL-1025,Al-Habtoor Holdings 025,Commercial Developer,Palm Jumeirah
CL-1026,Al-Futtaim Holdings 026,Commercial Developer,Arabian Ranches
CL-1027,Resort & Spa Group 027,Hospitality,Arabian Ranches
CL-1028,Resort & Spa Group 028,Hospitality,Dubai Hills Estate
CL-1029,Resort & Spa Group 029,Hospitality,Emirates Hills
CL-1030,Al-Habtoor Holdings 030,Commercial Developer,Business Bay
CL-1031,Private Client 031,Luxury Residential,Downtown Dubai
CL-1032,Al-Ghurair Holdings 032,Commercial Developer,Dubai Hills Estate
CL-1033,Al-Diyar Holdings 033,Corporate Office,Emirates Hills
CL-1034,Al-Habtoor Holdings 034,Commercial Developer,Jumeirah Golf Estates
CL-1035,Private Client 035,Luxury Residential,Dubai Hills Estate
CL-1036,Private Client 036,Luxury Residential,Jumeirah Golf Estates
CL-1037,Resort & Spa Group 037,Hospitality,Arabian Ranches
CL-1038,Resort & Spa Group 038,Hospitality,Palm Jumeirah
CL-1039,Al-Habtoor Holdings 039,Commercial Developer,Dubai Hills Estate
CL-1040,Al-Diyar Holdings 040,Corporate Office,Business Bay
CL-1041,Al-Ghurair Holdings 041,Corporate Office,Emirates Hills
CL-1042,Al-Ghurair Holdings 042,Commercial Developer,Business Bay
CL-1043,Resort & Spa Group 043,Hospitality,Business Bay
CL-1044,Al-Diyar Holdings 044,Corporate Office,Emirates Hills
CL-1045,Al-Ghurair Holdings 045,Commercial Developer,Downtown Dubai
CL-1046,Al-Futtaim Holdings 046,Corporate Office,Jumeirah Golf Estates
CL-1047,Private Client 047,Luxury Residential,Jumeirah Golf Estates
CL-1048,Private Client 048,Luxury Residential,Dubai Hills Estate
CL-1049,Al-Diyar Holdings 049,Commercial Developer,Downtown Dubai
CL-1050,Private Client 050,Luxury Residential,Arabian Ranches
CL-1051,Al-Diyar Holdings 051,Corporate Office,Downtown Dubai
CL-1052,Resort & Spa Group 052,Hospitality,Downtown Dubai
CL-1053,Private Client 053,Luxury Residential,Business Bay
CL-1054,Private Client 054,Luxury Residential,Business Bay
CL-1055,Resort & Spa Group 055,Hospitality,Jumeirah Golf Estates
CL-1056,Resort & Spa Group 056,Hospitality,Palm Jumeirah
CL-1057,Resort & Spa Group 057,Hospitality,Arabian Ranches
CL-1058,Al-Diyar Holdings 058,Commercial Developer,Palm Jumeirah
CL-1059,Resort & Spa Group 059,Hospitality,Downtown Dubai
CL-1060,Al-Futtaim Holdings 060,Commercial Developer,Jumeirah Golf Estates
CL-1061,Resort & Spa Group 061,Hospitality,Jumeirah Golf Estates
CL-1062,Al-Ghurair Holdings 062,Commercial Developer,Emirates Hills
CL-1063,Al-Futtaim Holdings 063,Commercial Developer,Downtown Dubai
CL-1064,Resort & Spa Group 064,Hospitality,Arabian Ranches
CL-1065,Private Client 065,Luxury Residential,Palm Jumeirah
CL-1066,Resort & Spa Group 066,Hospitality,Jumeirah Golf Estates
CL-1067,Resort & Spa Group 067,Hospitality,Dubai Hills Estate
CL-1068,Private Client 068,Luxury Residential,Dubai Hills Estate
CL-1069,Private Client 069,Luxury Residential,Palm Jumeirah
CL-1070,Al-Futtaim Holdings 070,Corporate Office,Jumeirah Golf Estates
CL-1071,Al-Ghurair Holdings 071,Commercial Developer,Business Bay
CL-1072,Al-Ghurair Holdings 072,Corporate Office,Emirates Hills
CL-1073,Al-Ghurair Holdings 073,Corporate Office,Downtown Dubai
CL-1074,Al-Habtoor Holdings 074,Commercial Developer,Arabian Ranches
CL-1075,Resort & Spa Group 075,Hospitality,Arabian Ranches
CL-1076,Al-Futtaim Holdings 076,Corporate Office,Dubai Hills Estate
CL-1077,Al-Futtaim Holdings 077,Commercial Developer,Emirates Hills
CL-1078,Private Client 078,Luxury Residential,Downtown Dubai
CL-1079,Al-Ghurair Holdings 079,Commercial Developer,Palm Jumeirah
CL-1080,Private Client 080,Luxury Residential,Business Bay
CL-1081,Private Client 081,Luxury Residential,Dubai Hills Estate
CL-1082,Private Client 082,Luxury Residential,Palm Jumeirah
CL-1083,Resort & Spa Group 083,Hospitality,Palm Jumeirah
CL-1084,Al-Habtoor Holdings 084,Commercial Developer,Business Bay
CL-1085,Al-Ghurair Holdings 085,Corporate Office,Downtown Dubai
CL-1086,Al-Diyar Holdings 086,Commercial Developer,Dubai Hills Estate
CL-1087,Al-Diyar Holdings 087,Corporate Office,Dubai Hills Estate
CL-1088,Private Client 088,Luxury Residential,Palm Jumeirah
CL-1089,Al-Habtoor Holdings 089,Corporate Office,Arabian Ranches
CL-1090,Al-Diyar Holdings 090,Corporate Office,Jumeirah Golf Estates
CL-1091,Private Client 091,Luxury Residential,Business Bay
CL-1092,Private Client 092,Luxury Residential,Palm Jumeirah
CL-1093,Al-Habtoor Holdings 093,Corporate Office,Jumeirah Golf Estates
CL-1094,Private Client 094,Luxury Residential,Dubai Hills Estate
CL-1095,Al-Ghurair Holdings 095,Commercial Developer,Downtown Dubai
CL-1096,Al-Ghurair Holdings 096,Corporate Office,Arabian Ranches
CL-1097,Al-Habtoor Holdings 097,Commercial Developer,Arabian Ranches
CL-1098,Al-Futtaim Holdings 098,Commercial Developer,Arabian Ranches
CL-1099,Private Client 099,Luxury Residential,Palm Jumeirah
CL-1100,Private Client 100,Luxury Residential,Palm Jumeirah
CL-1101,Al-Ghurair Holdings 101,Commercial Developer,Arabian Ranches
CL-1102,Al-Diyar Holdings 102,Corporate Office,Dubai Hills Estate
CL-1103,Al-Futtaim Holdings 103,Corporate Office,Dubai Hills Estate
CL-1104,Al-Futtaim Holdings 104,Corporate Office,Arabian Ranches
CL-1105,Resort & Spa Group 105,Hospitality,Jumeirah Golf Estates
CL-1106,Al-Habtoor Holdings 106,Corporate Office,Arabian Ranches
CL-1107,Al-Ghurair Holdings 107,Corporate Office,Dubai Hills Estate
CL-1108,Resort & Spa Group 108,Hospitality,Dubai Hills Estate
CL-1109,Private Client 109,Luxury Residential,Downtown Dubai
CL-1110,Private Client 110,Luxury Residential,Business Bay
CL-1111,Resort & Spa Group 111,Hospitality,Palm Jumeirah
CL-1112,Private Client 112,Luxury Residential,Downtown Dubai
CL-1113,Al-Ghurair Holdings 113,Corporate Office,Palm Jumeirah
CL-1114,Private Client 114,Luxury Residential,Jumeirah Golf Estates
CL-1115,Al-Futtaim Holdings 115,Commercial Developer,Downtown Dubai
CL-1116,Private Client 116,Luxury Residential,Business Bay
CL-1117,Al-Diyar Holdings 117,Commercial Developer,Palm Jumeirah
CL-1118,Al-Futtaim Holdings 118,Commercial Developer,Downtown Dubai
CL-1119,Private Client 119,Luxury Residential,Arabian Ranches
CL-1120,Resort & Spa Group 120,Hospitality,Emirates Hills
